0,10607.0,24116.5,0.439823357452,1320.21232665,215,195,212,236.015932875,196.175921561,16,227.321838379,188.015533447,223.123535156,113.692398071,137.013183594,0.860441577121,1,12,-0.0734568125065,0.201550387597,0.365864503104,-13.9578512528,-0.0179487179487,0.201550387597,0.359574709383,-5.62642641262
0,7324.0,12055.0,0.607548734965,904.673222661,238,158,227,276.524030584,167.190333151,17,277.330871582,168.142486572,240.946655273,53.6338272095,122.694503784,0.974910713707,1,6,-0.0293860771016,0.31512605042,0.418907994771,-2.41725465659,0.222573839662,0.31512605042,0.476843109252,28.3493343365
0,14867.0,39277.5,0.378511870664,1700.01845646,253,257,244,298.593663819,300.561579337,11,290.036346436,303.180389404,208.69708252,185.522781372,144.267044067,0.457990212589,1,14,-0.0128232043594,0.187411821672,0.31220586209,2.06448946479,-0.376876042246,0.187411821672,0.46544881065,-51.834421831
0,15565.0,45498.5,0.342099190083,2661.79776287,241,318,311,307.148988114,189.346996466,12,299.206268311,190.95892334,264.248626709,165.760742188,149.253387451,0.778785083313,2,19,-0.0594847843657,0.231240666496,0.337264102591,-9.51752130784,-0.00397219463754,0.231240666496,0.334142084841,-0.181563050806
0,16308.0,36353.0,0.448601215856,1694.93014383,192,271,260,342.808805494,273.988778514,12,345.638885498,270.762451172,247.827514648,163.001098633,162.130355835,0.753262555496,1,12,-0.0526244335291,0.256944444444,0.372416963855,-18.1244328426,-0.299815498155,0.256944444444,0.477352047066,-44.6876512162
0,7692.0,27972.5,0.274984359639,1507.58665323,184,240,176,303.417316693,288.959958398,11,303.676696777,268.300842285,234.126174927,152.139099121,9.01815032959,0.76009094999,3,8,-0.0126668400069,0.221467391304,0.325199430062,-5.08599053287,-0.354166666667,0.221467391304,0.486450966945,-53.3873549352
0,12980.0,36246.0,0.358108480936,2053.62226629,215,249,247,325.67788906,203.722342065,16,326.314819336,208.527359009,207.691055298,171.835540771,154.718856812,0.561670085676,3,10,-0.03565324472,0.282025943312,0.408470644398,2.26202927286,-0.0224899598394,0.282025943312,0.408738668417,3.92278416268
0,16417.0,38537.5,0.426000648719,2327.4703095,268,231,266,353.602972528,220.119632089,16,352.20199585,214.493118286,236.99269104,152.917922974,59.4717712402,0.763977230957,2,19,-0.050974479452,0.226552037024,0.31869736481,-15.2051812819,-0.107769423559,0.226552037024,0.335158209702,-25.0591461134
0,20060.0,48925.0,0.410015329586,1722.58699799,320,268,283,396.048055833,243.649700897,12,430.443634033,263.005126953,307.751342773,183.645462036,127.743247986,0.802439665292,2,13,-0.0102049048034,0.185875067106,0.32999156073,-7.91623713061,-0.146957520092,0.185875067106,0.35960485266,-30.069119447
0,20182.0,56649.0,0.356264011721,2373.50582564,308,303,307,302.674363294,202.014567436,15,297.935028076,197.714492798,249.72114563,229.841629028,67.9623336792,0.390994207396,1,19,-0.0482409620826,0.187505033654,0.347882754198,-8.01457748939,-0.0317873892652,0.187505033654,0.346347137202,-5.88824590497
0,26993.0,72860.0,0.370477628328,2936.53391898,326,298,319,281.812062387,263.446930686,18,260.870605469,261.010772705,281.881195068,246.936859131,108.662918091,0.482253544955,3,18,0.0307689694898,0.245057941377,0.37792639757,-1.04457478029,-0.158650260999,0.245057941377,0.402661934594,-19.6454284028
0,16507.0,41753.5,0.39534410289,1512.03570139,319,229,292,364.538317078,239.181317017,14,364.308776855,247.910232544,336.584136963,160.003341675,115.876403809,0.879783823816,1,9,-0.0846036617403,0.225597905046,0.352568808399,-10.0505402585,-0.225133430374,0.225597905046,0.40453404127,-40.5694112531
0,27060.0,72593.0,0.372763214084,2788.33128834,354,316,347,282.513673319,255.336881005,13,255.845108032,259.949249268,289.660491943,244.711120605,106.446655273,0.535049837659,2,22,0.0210603253904,0.216354988876,0.323591319567,6.12169958552,-0.131904487917,0.216354988876,0.338519620459,-19.4025870639
0,24142.0,67572.5,0.357275518887,2665.50317597,317,329,259,304.866871013,262.155123851,14,296.741363525,266.557617188,273.614868164,230.804397583,31.6262645721,0.537070304921,2,18,-0.0611630818457,0.188526768669,0.308954268014,-18.2719969571,-0.228807835191,0.188526768669,0.382994817154,-44.0063578448
0,16779.0,39535.0,0.424408751739,2109.19643927,226,247,203,334.845461589,195.157816318,15,333.178649902,193.211151123,212.941589355,176.643356323,34.2870826721,0.558448764263,2,15,-0.0414663306963,0.242636101701,0.382047095861,-2.80024719545,0.00647773279352,0.242636101701,0.379893141441,3.28498267432
0,23069.0,66003.5,0.349511768315,2817.08920336,297,378,314,254.774025749,210.505526898,14,264.879699707,207.564178467,357.136627197,222.168395996,38.8312492371,0.782951810142,2,18,0.0100087425274,0.220472157593,0.315885604334,3.71202670326,0.000734861845973,0.220472157593,0.315360091523,2.2999285081
0,15463.0,49501.5,0.312374372494,2967.15963805,213,304,297,335.455862381,283.493241932,14,330.967437744,281.034515381,249.643203735,179.88180542,9.73077964783,0.693397176819,3,25,0.0526751379354,0.230491565661,0.362894111469,10.0927886982,-0.198947368421,0.230491565661,0.384253304011,-28.6194856385
0,18488.0,58109.0,0.318160697999,2558.37621152,284,260,270,339.525584163,299.733502813,15,354.10559082,301.310028076,256.040863037,210.177993774,127.877075195,0.571105372795,3,18,0.0412827031255,0.163556795119,0.365213126432,10.8992427104,-0.315384615385,0.163556795119,0.434771058076,-38.8740682852
0,14312.0,38467.0,0.372059167598,1452.40323246,281,234,261,210.457448295,298.932993292,10,190.545593262,302.275756836,247.510314941,175.168609619,68.5031814575,0.706490563189,1,8,-0.00723079789597,0.242882562278,0.374290961094,10.5015523404,-0.400106837607,0.242882562278,0.520365381589,-50.2364809313
0,14529.0,34623.0,0.41963434711,1443.79306078,265,227,262,320.112189414,239.115149012,11,307.048583984,240.838989258,219.074432373,166.910446167,126.95275116,0.647707366021,3,8,0.00766585467982,0.271803952278,0.384092014069,0.868297921475,-0.133810572687,0.271803952278,0.401545698276,-20.7245492418
0,21970.0,48438.5,0.453564829629,2100.96166933,206,323,317,324.247519345,176.499180701,14,317.892028809,161.394882202,278.239929199,170.907089233,170.944122314,0.789116486168,1,16,-0.00464649937785,0.232402912621,0.353234148795,-1.42635307339,0.0897832817337,0.232402912621,0.360052840299,13.1561038226
0,13015.0,31776.5,0.409579406165,1631.54624498,242,208,228,305.83926239,321.089051095,13,308.360137939,317.287017822,236.858673096,143.065887451,49.2059593201,0.796973920608,1,14,0.0162248335606,0.227177840844,0.362209813394,0.3043814808,-0.53228021978,0.227177840844,0.616078436182,-61.0730032376
0,15968.0,47518.5,0.336037543273,2114.27262998,256,286,203,311.28995491,289.949273547,13,308.080108643,284.713806152,234.885360718,197.486312866,31.0610618591,0.541380912274,2,16,0.0520516557591,0.198588889204,0.378208405272,5.37140199024,-0.237980769231,0.198588889204,0.421195611675,-23.2657250978
0,14789.0,44870.5,0.329592939682,1824.75719965,198,290,265,358.105483806,277.839542904,15,341.616149902,291.282531738,258.264678955,186.72354126,170.205703735,0.690855411109,2,11,0.0129263234917,0.297303681831,0.407788156558,-4.36145661874,-0.231347962382,0.297303681831,0.461794482352,-30.8911521136
0,18239.0,43435.5,0.419909981467,1650.56975305,293,226,222,396.711497341,293.266133012,13,403.087799072,306.77041626,259.199157715,173.354278564,110.366439819,0.743435840178,2,13,0.0559767628155,0.226492910827,0.341782535139,19.870179878,-0.325731790334,0.226492910827,0.431663211672,-46.2497483566
0,21855.0,60258.0,0.362690431146,2159.77285147,303,286,262,284.497277511,155.886570579,11,279.979644775,157.935165405,259.310302734,219.814727783,136.128723145,0.530492047618,1,17,-0.00759529003705,0.259463653176,0.368366005433,-2.46296460647,0.171122994652,0.259463653176,0.395395463765,25.5932099348
0,7180.0,14456.5,0.496662400996,1073.28908026,180,114,180,384.921866295,273.126601671,16,391.856414795,272.042327881,163.064666748,96.7949371338,95.4838180542,0.804761364134,1,8,-0.0690648976201,0.203472222222,0.378127875451,-15.8786662694,-0.649122807018,0.203472222222,0.700950064854,-70.0544967079
0,32154.0,89338.5,0.359912020014,3183.29174614,383,362,376,301.474964235,202.878957517,13,275.246734619,193.696533203,318.844512939,262.047302246,119.336196899,0.56968159033,2,23,-0.0185904368376,0.214510747965,0.323800619497,-2.69514528459,-0.00720634158059,0.214510747965,0.323431175925,-0.738878623863
0,9716.0,29364.5,0.330875717278,1406.15810561,208,211,175,339.267599835,321.396974063,12,336.612976074,325.330474854,213.120040894,142.653106689,38.6070213318,0.742942120074,2,10,-0.0753697911687,0.236314999842,0.357481804177,-13.5929446407,-0.617535545024,0.236314999842,0.692276694757,-65.5411082367
0,16197.0,37000.5,0.437750841205,1577.37379491,215,228,221,369.75884423,215.043897018,13,365.039031982,218.386962891,216.310882568,160.121170044,35.7619857788,0.672346786865,4,15,0.0136428231782,0.230312819916,0.382457654036,2.73014755841,-0.0216374269006,0.230312819916,0.38241631352,-2.23367306837
0,15159.0,42068.0,0.360345155463,2033.25734258,244,309,244,254.978362689,260.509004552,15,244.226547241,257.409484863,309.177398682,150.435028076,27.3473720551,0.873644149967,2,9,-0.049053922702,0.185366535489,0.376906179909,-23.2097004406,-0.222222222222,0.185366535489,0.448334407496,-37.3902443886
0,35929.0,91653.5,0.392009034025,2991.52724648,405,317,348,259.095772217,265.015196638,11,246.612228394,266.483795166,345.80847168,257.669158936,78.1140289307,0.666929287905,3,16,0.00813153513506,0.224691358025,0.350255271065,-8.8491390282,-0.17488170347,0.224691358025,0.399186514818,-31.8333242085
0,24813.0,69498.5,0.357029288402,3005.18514347,366,281,358,263.280014509,246.930721799,12,265.427215576,240.390274048,289.378265381,230.177841187,77.9445495605,0.606055960888,3,19,0.00406138119162,0.21157319737,0.340826400018,-7.20255155639,-0.138040831616,0.21157319737,0.367715551758,-29.36759955
0,14712.0,28973.5,0.507774345523,1538.62862813,235,180,174,309.660549212,236.302202284,15,305.543609619,244.693603516,204.5884552,144.422439575,73.1065597534,0.708294704851,2,13,-0.00857750867947,0.260445351624,0.362943831642,6.01784363071,-0.171367521368,0.260445351624,0.381109206435,-27.3074943947
0,24745.0,55969.5,0.44211579521,1874.42761767,297,303,285,374.933036977,227.261992322,13,387.092803955,221.782470703,259.661010742,225.528366089,120.6590271,0.495602933332,3,11,0.00206478113966,0.273441939123,0.405854930147,-2.83701627841,-0.0648064806481,0.273441939123,0.414755670439,-12.1567748414
0,12925.0,35584.0,0.363225044964,1365.79306078,235,262,195,298.597369439,189.827234043,11,279.359191895,193.470214844,209.55758667,186.199249268,12.0170145035,0.458808851583,1,9,0.00824644036598,0.195554311792,0.34188924594,-1.80585336654,0.0737913486005,0.195554311792,0.351418404676,21.3517512472
0,20050.0,54075.5,0.370777893871,2268.23274851,295,239,224,330.553765586,291.15286783,10,334.751739502,297.612579346,247.233062744,227.066925049,69.3196182251,0.395577309123,4,16,-0.0725821429689,0.234556680333,0.32857139985,-12.4024889337,-0.424686192469,0.234556680333,0.51902053125,-57.3835616189
0,23513.0,59062.0,0.398107073922,2301.76274681,311,280,296,339.684344831,212.423085102,13,331.51776123,218.656494141,247.081085205,230.574234009,77.3350830078,0.35937670894,2,17,-0.0035309985858,0.221994390927,0.356613500305,4.4027954986,-0.0228991596639,0.221994390927,0.356311593842,1.70536278331
0,16391.0,46182.5,0.354917988416,1528.5281229,241,298,292,265.138368617,223.830394729,11,273.364624023,214.187606812,260.214508057,191.503051758,30.6477050781,0.677043474602,1,8,-0.0370624337959,0.236426458351,0.36558935032,-15.3347856809,-0.0935402684564,0.236426458351,0.381257371844,-24.5046716001
0,15915.0,33576.0,0.473999285204,1826.61465704,214,244,203,383.227646874,264.519886899,13,376.570068359,268.104156494,226.743087769,166.94744873,138.93182373,0.676671970016,1,14,-0.0982791520527,0.298579674984,0.412949925645,-22.0415754542,-0.334016393443,0.298579674984,0.516629158024,-43.3164471301
0,43954.0,134103.0,0.327762988151,3363.43388152,511,391,457,389.081062019,204.524957911,12,390.392333984,204.542526245,416.754638672,303.218597412,77.3227386475,0.686032369011,3,20,-0.0592712073899,0.208642294332,0.340407998025,-14.6067386909,-0.0529411764706,0.208642294332,0.339242452119,-12.879367126
0,11015.0,36328.5,0.303205472288,2147.35538352,298,247,267,272.875079437,271.648751702,12,287.848480225,268.4375,302.943054199,115.807723999,50.9206581116,0.924048375627,3,15,-0.0389389269815,0.224636589723,0.34833431182,-5.72850347479,-0.300674763833,0.224636589723,0.438589207383,-41.6241537144
0,12454.0,44848.5,0.277690446726,2076.84186864,299,270,217,265.408222258,209.168620524,14,270.42980957,232.688751221,279.069244385,203.429351807,127.178840637,0.684559973684,3,14,-0.0504336806007,0.280458671763,0.391671072989,0.854055437304,-0.0584656084656,0.280458671763,0.392029401131,-0.228830822338
0,18909.0,50639.5,0.373404160784,1863.90784657,267,276,231,389.782484531,246.376328732,13,389.254180908,251.301330566,246.378036499,195.658706665,40.0893516541,0.607734580457,1,15,-0.0119215142548,0.233762176147,0.353932816943,-3.10492809252,-0.154589371981,0.233762176147,0.380943525961,-22.3381555568
0,34368.0,97039.0,0.354166881357,2717.16685569,339,412,338,386.483240223,224.869384311,10,403.485595703,246.639694214,385.756317139,256.100921631,160.692306519,0.747827569902,4,20,0.0123043308519,0.229483693413,0.299955850162,2.74540489862,-0.031067961165,0.229483693413,0.30091405897,-6.29347105396
0,25152.0,61320.0,0.410176125245,2182.32414806,335,274,301,331.507196247,223.999483142,12,336.845245361,223.464111328,284.261871338,225.201370239,92.533782959,0.610219919473,2,19,-0.046486711543,0.189239151021,0.360803330835,-12.7815976909,-0.108528620822,0.189239151021,0.372289863731,-20.2925924236
0,24578.0,71167.5,0.345354269856,2104.72616899,409,327,396,333.611441126,234.485393441,11,343.847595215,242.381500244,348.858795166,208.741607666,63.1897964478,0.801230676295,1,12,-0.054580855939,0.206081044113,0.333031790549,-14.0344229487,-0.138634046891,0.206081044113,0.354587316608,-22.1517541447
0,26988.0,68190.5,0.395773604828,2651.16297138,296,364,350,375.68889877,228.980287535,11,375.725372314,231.947784424,291.641998291,224.275939941,167.384536743,0.639235399739,2,18,-0.0202006752696,0.273273273273,0.343967952934,-8.8361981136,-0.0805860805861,0.273273273273,0.355749911204,-18.4500112281
0,17849.0,44498.0,0.401119151423,1841.68909657,302,255,296,376.502044932,237.643901619,15,388.081085205,247.749984741,245.430465698,209.738220215,107.580024719,0.519331484368,2,7,-0.050135960037,0.196074761084,0.318916787012,-20.1433388276,-0.170308123249,0.196074761084,0.360873047512,-35.5069807466
0,22797.0,63180.5,0.360823355307,2732.9170748,290,349,329,373.915208141,267.287143045,11,379.12689209,269.954345703,276.642700195,215.899551392,163.562469482,0.62524637332,2,21,-0.0317874193003,0.192953167793,0.28793467793,-3.09810391276,-0.204529949516,0.192953167793,0.34417758413,-43.9383279638
0,12492.0,32263.5,0.387186759031,1845.28646743,361,115,355,265.124479667,229.656980467,11,258.648651123,231.236816406,350.272064209,94.7064285278,87.2964019775,0.962753789753,2,9,-0.0136107978672,0.229108476147,0.380216355598,-6.34013265686,-0.210628019324,0.229108476147,0.425646774641,-30.3819174412
0,12084.0,23079.5,0.523581533395,1093.86204052,274,166,259,314.749006951,191.540632241,17,310.320373535,186.774078369,251.443832397,104.017524719,69.288482666,0.910421917276,1,8,0.110184531572,0.193886861314,0.330453049719,29.0533573767,0.203313253012,0.193886861314,0.376672178255,40.7689396412
0,16707.0,40214.5,0.41544716458,2085.37083054,297,165,293,360.103788831,228.017836835,13,363.303039551,228.968704224,269.764251709,142.792877197,86.6918563843,0.848419341643,2,22,-0.0340516775849,0.243743913833,0.358353604271,-3.73418449749,-0.161432506887,0.243743913833,0.384912271868,-25.4223327608
0,17987.0,39594.0,0.45428600293,1723.31491983,260,236,257,414.410741091,215.999499639,14,423.863891602,209.371948242,209.806488037,174.550964355,67.1268539429,0.554833051185,1,15,0.0265515521411,0.193997245874,0.34962423267,3.38900697334,-0.011581920904,0.193997245874,0.348355938312,-3.94380024669
0,28547.0,58706.0,0.486270568596,2134.55250812,316,308,314,376.096297334,268.165061127,12,381.83416748,279.626800537,290.906829834,211.274353027,135.881729126,0.687418810422,2,17,0.0188705193208,0.240896555721,0.358865808176,3.6360848393,-0.179717341482,0.240896555721,0.391017399422,-26.6239470653
0,20120.0,53719.0,0.374541596083,2336.05697846,393,217,367,251.590954274,229.537972167,14,262.279602051,221.699920654,325.023803711,164.723815918,89.2068939209,0.862060494207,2,14,-0.010029094688,0.181933842239,0.352066282254,-2.02406016745,-0.113890717577,0.181933842239,0.363658863034,-14.33976128
0,19076.0,42755.5,0.4461648209,1946.92003918,254,223,211,257.854267142,242.177762634,15,250.452133179,239.300292969,212.65007019,185.494918823,99.5189971924,0.488968869803,2,16,-0.0745952348266,0.239347572412,0.360567462362,-21.1467040223,-0.232343049327,0.239347572412,0.426256558809,-39.3061852615
0,28119.0,83867.0,0.335280861364,2785.81865752,363,345,279,279.416159892,221.944059177,14,265.691345215,219.632125854,322.256500244,246.506286621,43.6821479797,0.644103755651,2,19,-0.0378433067331,0.232383865496,0.328653854983,-11.0500334691,-0.0811594202899,0.232383865496,0.338317515156,-23.2913695857
0,20932.0,52490.5,0.398776921538,2478.75644183,329,237,312,289.32720237,214.450219759,15,287.189117432,210.099411011,270.483642578,178.63961792,108.798980713,0.750874266873,3,16,0.00321822683215,0.238346201508,0.325029506972,-1.31530587819,-0.0282172995781,0.238346201508,0.327418162663,-9.37445668146
0,14877.0,50446.5,0.294906485088,2779.30669725,305,247,252,272.863749412,250.251932513,10,276.645965576,267.091033936,263.777008057,203.7237854,60.8811569214,0.635217416736,4,18,0.00506855268533,0.261533242901,0.340798312089,10.1392165856,-0.17004048583,0.261533242901,0.363461557886,-31.1018397359
0,16525.0,45079.5,0.366574607083,1928.43475795,322,246,300,286.935612708,219.43225416,14,255.408187866,229.336425781,302.230804443,190.080276489,108.351776123,0.777466597832,2,15,-0.123446121299,0.191137300595,0.402531306483,-24.3050622804,-0.173983739837,0.191137300595,0.418713555104,-29.4623166234
0,13891.0,47711.5,0.291145740545,2240.62113369,279,259,250,274.992153193,191.713267583,14,281.995330811,180.818481445,250.190185547,218.755126953,96.5639877319,0.485286228946,2,12,0.0175544436937,0.214153018634,0.345895012672,4.81949096506,0.0765765765766,0.214153018634,0.352059438129,14.3169169889
0,16853.0,44845.5,0.375801362456,1818.10885704,229,281,226,373.009849878,186.068949149,11,368.609741211,179.024673462,253.672225952,172.655090332,8.76648044586,0.732634055862,1,13,0.0470562110404,0.24622433654,0.353658656721,7.02371549021,0.121543936491,0.24622433654,0.368775545595,22.6596116384
0,23919.0,53298.5,0.448774355751,2590.86830437,213,351,341,333.633053221,223.73891049,16,329.952941895,234.754501343,295.926391602,172.331726074,174.035263062,0.81294061594,5,25,-0.0119119359272,0.2709170053,0.374044712185,1.76784342108,-0.0596011396011,0.2709170053,0.377365268674,-8.54548614142
0,13608.0,36910.0,0.36868057437,1383.6509254,301,197,235,367.097148736,173.782848325,10,363.999664307,162.522415161,257.178466797,165.209945679,70.6732406616,0.766374412769,2,9,0.043454954834,0.268697988654,0.399180029639,-1.07115766635,0.212069937958,0.268697988654,0.437332395606,31.7925095781
0,30808.0,102418.5,0.300805030341,3554.19194138,433,416,426,379.040541418,223.644994807,12,384.696990967,215.516860962,332.999145508,288.503967285,51.5677680969,0.499384444585,3,18,-0.0210189761595,0.181699020486,0.292231250068,-8.27709132273,-0.061030982906,0.181699020486,0.299971649961,-19.4725887114
0,42044.0,122046.5,0.344491648675,3368.3455689,516,394,507,243.343901627,189.585006184,8,255.613021851,255.010498047,428.462493896,379.091827393,89.6974258423,0.466023220217,5,17,-0.0779419072667,0.233017750214,0.369148847755,3.83071292091,-0.0337414153479,0.233017750214,0.369649938658,9.19699564098
0,21228.0,55413.0,0.383087001245,2071.74846625,307,317,274,305.535660448,214.035000942,14,300.375335693,197.280578613,256.691925049,224.27142334,139.092849731,0.486467296959,1,14,0.0564420940041,0.187063750582,0.328948782151,13.4353644213,0.0342496620099,0.187063750582,0.325935366842,10.8415768836
0,19502.0,56269.5,0.34658207377,1981.39818013,272,331,273,288.641985437,255.582658189,13,288.988616943,266.162414551,299.135284424,215.495956421,36.9250068665,0.69356265047,2,13,0.0231407288998,0.220850100767,0.310887090259,0.708252148762,-0.123634673484,0.220850100767,0.336927134097,-28.4612716007
0,11799.0,26363.0,0.447559079012,1364.11896169,212,177,174,240.328078651,300.106110687,14,229.306610107,311.664733887,210.097579956,121.219268799,56.7402191162,0.816767799942,1,11,-0.0620610079297,0.235708371076,0.371515278872,-1.24471798164,-0.588084232152,0.235708371076,0.653331219641,-68.7282677087
0,24081.0,74137.5,0.324815376834,3583.26418686,365,339,327,264.680578049,260.312777709,12,252.400726318,249.320556641,340.348999023,223.217422485,51.3175506592,0.754892431531,3,26,0.0904393261201,0.239123044026,0.351120379432,15.0369982937,-0.0668255048786,0.239123044026,0.347330607245,-13.4579228201
0,12353.0,36411.0,0.339265606547,1754.34435737,203,282,276,353.593216223,181.313446126,12,345.433166504,178.503814697,230.638473511,160.450180054,4.93638801575,0.718353471226,2,11,-0.0994687597063,0.200163941386,0.36024240177,-19.1650030864,-0.00838168923275,0.200163941386,0.346098940034,-6.08659607083
0,15405.0,41776.0,0.368752393719,1862.42761767,289,231,272,268.865108731,211.174553716,13,264.059997559,207.074951172,263.714508057,153.057174683,58.069026947,0.814338896344,3,13,0.0363866794247,0.204382514967,0.359271109282,10.8747579517,0.018315018315,0.204382514967,0.357588852506,7.61137816445
0,22175.0,68547.0,0.323500663778,2564.26283824,327,367,359,351.975603157,232.470214205,12,365.134490967,245.590194702,291.471008301,245.788726807,165.060882568,0.537490355998,3,16,0.0283588942921,0.234299239094,0.319999015399,4.13500423902,-0.0410422343324,0.234299239094,0.320768445251,-8.21527177893
0,22408.0,62453.5,0.358794943438,2372.18620813,350,285,328,355.122813281,279.331176366,12,346.862182617,290.279724121,266.905456543,226.862930298,100.416870117,0.526823237058,1,17,0.0275810109835,0.200860977022,0.309118855164,7.50917837653,-0.226212590299,0.200860977022,0.371594393015,-38.070117639
0,13665.0,29821.5,0.458226447362,1406.97473836,249,227,246,251.79151116,162.335016465,13,214.096069336,126.771560669,266.061645508,192.662384033,130.784713745,0.689666796398,1,12,0.0554406011693,0.230449471995,0.338807308686,16.0198939745,0.252202643172,0.230449471995,0.419717237832,43.139827529
0,13029.0,32211.0,0.404489149669,1840.25640619,266,175,226,253.440862691,270.961777573,15,248.612747192,274.931549072,227.871154785,144.882217407,70.7378387451,0.771847566423,2,13,-0.0345041281537,0.210143843819,0.350362817891,-7.30145329071,-0.4,0.210143843819,0.504644548642,-47.1744971757
0,9081.0,27229.0,0.333504719233,1729.05106878,315,150,306,248.111221231,223.342253056,11,267.397521973,230.384490967,270.344238281,102.560600281,107.504119873,0.925244888615,2,16,-0.0673016462945,0.235030776801,0.384181347103,-10.7129645617,-0.17625,0.235030776801,0.411211971597,-21.4893162563
0,19299.0,46692.0,0.413325623233,1846.36874259,288,285,243,343.03518317,225.167625266,11,336.717803955,235.671600342,234.055831909,219.318191528,173.813232422,0.349239073351,3,12,0.00146535180897,0.210896778738,0.332386745256,1.0365369695,-0.0622807017544,0.210896778738,0.337029995458,-7.57197848751
0,29906.0,76245.0,0.39223555643,2815.00747538,301,360,359,326.860763726,263.149969906,8,323.871856689,252.227798462,312.640899658,242.093017578,178.87147522,0.632759331322,2,21,0.0359985936534,0.23298468302,0.357046370648,3.90002650412,-0.119973544974,0.23298468302,0.365277890125,-16.0240905124
1,22489.0,74685.5,0.301116013148,3472.41150951,409,260,382,285.996442705,199.91658144,14,274.759124756,188.843963623,351.1612854,200.21055603,104.029052734,0.821548617771,3,23,0.0505152797852,0.257997471407,0.37522024546,9.92507608278,0.0777591973244,0.257997471407,0.380532622009,17.0456670877
1,16946.0,58436.5,0.289989989134,1859.84183121,371,314,279,278.520063732,206.654608757,10,277.98828125,227.849136353,334.342468262,201.957992554,129.673660278,0.796949992136,2,9,0.0781640052424,0.243378390573,0.332405566613,21.6264305636,0.0792639773531,0.243378390573,0.332766025616,21.8267490513
1,39589.0,111489.0,0.355093327593,3341.6592772,522,297,512,297.057945389,250.691000025,11,289.445587158,257.032989502,432.652526855,233.317779541,99.0017471313,0.842131075055,1,22,-0.0111414140564,0.23055140436,0.357084869769,-1.66847017603,-0.158249158249,0.23055140436,0.379604144144,-22.883160518
1,19194.0,54343.0,0.353200964246,2880.0786221,341,266,220,336.937949359,243.750755444,12,318.174926758,235.662994385,326.774200439,216.608169556,126.611991882,0.748736254388,2,22,-0.0245186910839,0.254015955233,0.32710576967,1.39876241879,-0.162679425837,0.254015955233,0.363280498442,-31.0463180362
1,28475.0,81302.5,0.350235232619,3352.10263395,274,386,280,350.957260755,249.731589113,9,360.346984863,240.734710693,349.113372803,210.31690979,7.30034255981,0.798170551534,3,23,0.0243102669075,0.22073036167,0.356213833594,1.88967941898,-0.0863933318315,0.22073036167,0.36090437958,-12.3788252516
1,30144.0,72620.5,0.41508940313,2607.27746558,402,262,391,356.076565817,279.947220011,15,352.084197998,288.575744629,310.965545654,204.665512085,85.6116867065,0.752876882572,2,20,-0.0685220610282,0.203683150067,0.347893352266,-8.37964053494,-0.346946564885,0.203683150067,0.457910432641,-48.2465542791
1,28691.0,72559.5,0.395413419332,2756.95870495,366,326,366,314.687950925,248.907566833,17,305.059204102,247.000442505,322.52746582,205.38835144,54.3170547485,0.771021699798,3,22,0.0416852301062,0.193569808513,0.330290354128,6.49194883821,-0.0868655883993,0.193569808513,0.335027924933,-9.54570786518
1,29538.0,74560.0,0.39616416309,2740.28965819,393,289,383,318.399383845,229.242805877,12,310.780303955,234.470306396,303.63458252,218.585479736,98.0615386963,0.694081406219,4,22,-0.02290944805,0.219129948575,0.361096974996,-3.44897215902,-0.0998741742686,0.219129948575,0.370880891272,-12.9541919867
1,30242.0,84246.0,0.358972532821,2435.44398618,344,318,316,315.620858409,265.658554328,12,323.207794189,267.594421387,349.519378662,228.200256348,120.872177124,0.757446449701,2,16,0.00836023373716,0.27257298634,0.425401974917,-0.271507500572,-0.176100628931,0.27257298634,0.451831395199,-21.3120895878
1,19297.0,44288.0,0.435716221098,1918.20936227,395,163,376,318.438410116,217.054619889,14,303.119537354,215.795425415,321.851379395,140.741027832,92.8430862427,0.899322609818,3,14,-0.0408568455533,0.236572578578,0.362807564742,-10.7133107007,-0.102541630149,0.236572578578,0.375951376004,-18.1891044431
1,20363.0,65183.0,0.312397404231,2619.58374405,342,293,329,295.56666503,259.008495801,11,297.984954834,264.108184814,305.389892578,196.839111328,126.717597961,0.764562005878,2,14,-0.055797430225,0.293024227235,0.39112434259,-6.47238751957,-0.233300828864,0.293024227235,0.441919937873,-31.6199954018
1,31251.0,76145.5,0.410411646125,2575.28460586,331,324,320,287.441297878,179.497296087,12,280.271392822,174.40965271,308.41809082,229.021896362,38.4810333252,0.669768914363,4,17,-0.0195254114977,0.228263959104,0.37901194954,-5.62665932279,0.0653594771242,0.228263959104,0.377220507611,5.29008312687
1,20332.0,61331.0,0.331512611893,2029.38093519,241,371,347,335.484999016,238.084792445,14,331.508636475,232.869125366,289.180145264,195.354888916,1.86654365063,0.737316580591,6,13,-0.0366779386709,0.217856687823,0.375732703069,-9.29473655746,-0.120464441219,0.217856687823,0.390439535196,-16.7649391656
1,22423.0,55628.5,0.403084749724,2147.26318502,383,260,343,330.67234536,230.770860277,11,326.601226807,234.420822144,301.183746338,189.43321228,98.6788635254,0.777435826946,4,14,0.0411516604076,0.209931986065,0.329397466775,8.3217236338,-0.0502747252747,0.209931986065,0.333419525327,-10.150984098
1,33853.0,83573.0,0.405071015759,2959.48561633,444,283,434,279.169290757,203.268100316,13,271.210235596,197.901153564,369.311798096,210.461547852,92.6934509277,0.821731418876,3,24,-0.0215791508266,0.247183207156,0.36654834109,-1.56340220607,-0.00839222614841,0.247183207156,0.366217317944,-0.109437244737
1,27552.0,73158.0,0.376609530058,2526.08864772,466,247,453,295.859901278,240.056329849,11,288.455657959,238.545028687,373.95892334,214.869827271,99.9058837891,0.818447468786,4,20,0.00609850141301,0.226407810062,0.320374754746,1.66788812867,-0.127732793522,0.226407810062,0.34261755681,-24.7518413117
1,49000.0,138901.5,0.352767968668,3685.32327163,487,401,423,334.853673469,255.585408163,13,342.647918701,250.943817139,421.589569092,299.136962891,60.8526611328,0.704659667068,3,24,-0.0263871783127,0.212536108899,0.346633686008,-4.89054587802,-0.147547797174,0.212536108899,0.369604996297,-19.9734806537
1,16467.0,36803.5,0.447430271577,1543.49154508,257,240,236,328.938725937,264.84575211,16,328.812316895,266.285400391,222.400878906,174.532821655,38.750453949,0.619791175056,1,16,-0.0516843662072,0.256749733401,0.362084598642,-10.7869299174,-0.292708333333,0.256749733401,0.456012266144,-41.5911398039
1,15993.0,51599.0,0.309947867207,2234.60599816,349,270,303,360.561933346,266.96098293,12,349.659179688,277.247436523,276.334991455,205.152069092,73.7106323242,0.669952998561,2,13,-0.0984351059571,0.222076687976,0.323195788141,-17.1861580471,-0.320512820513,0.222076687976,0.442297710922,-48.8661485121
1,19614.0,45806.5,0.42819250543,1933.64796102,322,199,264,313.373304782,245.321046191,15,309.179199219,255.652664185,275.672637939,162.932296753,78.3335571289,0.806645596096,1,15,-0.0328925652019,0.2940206862,0.393501899098,-2.21442127067,-0.225460636516,0.2940206862,0.442157008578,-27.6427511212
1,33494.0,96624.0,0.346642656069,2975.35062122,379,374,345,349.749328238,236.734728608,13,348.599731445,238.874984741,336.755218506,258.988739014,139.614715576,0.639163119906,2,22,0.0310116710474,0.218217959166,0.342638874755,9.76697732375,-0.0484929508994,0.218217959166,0.339104246181,-2.22281421366
1,19563.0,54659.5,0.35790667679,2378.27537763,359,242,347,324.524254971,288.875121403,14,330.031768799,293.935791016,280.483123779,183.701965332,85.6402053833,0.755673626529,2,19,-0.0455356009895,0.216606911747,0.332726585609,-13.1254333004,-0.383862548934,0.216606911747,0.488604755361,-54.1232110234
1,43999.0,113548.5,0.387490807893,3356.67861009,535,273,520,344.85504216,247.808768381,13,352.497802734,244.716125488,439.834197998,224.339813232,94.1852722168,0.86014154435,3,26,-0.0343719388689,0.209468733596,0.354729004405,-8.55810152461,-0.183854606932,0.209468733596,0.393622203044,-27.3155275405
1,23178.0,69118.5,0.335337138393,2153.38093519,368,320,296,350.643541289,250.576796963,13,336.886016846,262.713409424,340.305145264,202.323730469,58.388469696,0.804068839051,2,12,-0.0320516761584,0.276882454126,0.398481614539,-3.17861999359,-0.168229166667,0.276882454126,0.422744682385,-21.5470421843
1,34291.0,82454.5,0.415877847783,3224.83085012,344,389,278,334.98562305,214.769298067,11,336.240356445,215.116729736,332.32409668,212.982437134,150.182769775,0.767634622038,3,29,-0.0529820367051,0.182937612575,0.309009393874,-12.3385237679,-0.072954525308,0.182937612575,0.312541654018,-15.1007306651
1,22482.0,60793.0,0.369812313918,2414.34568167,316,335,301,281.60986567,215.193710524,14,284.718170166,212.964752197,288.773254395,207.080169678,45.691192627,0.69696719745,3,18,-0.02214149429,0.169771306966,0.33678656029,-7.81683255132,-0.046600331675,0.169771306966,0.339553368241,-10.1545286134
1,26847.0,66823.0,0.401762866079,2162.15762746,322,341,309,312.020784445,250.595820762,13,306.576782227,256.531524658,287.40335083,226.562728882,33.5835952759,0.615279186479,2,16,0.00376340399442,0.180908689614,0.341328002683,-3.81325357178,-0.124083577713,0.180908689614,0.355703608288,-18.172446621
1,25088.0,84496.0,0.296913463359,2401.44695055,445,312,437,266.549107143,223.520647321,11,268.793823242,209.162124634,347.449615479,245.427597046,81.3004608154,0.707843909394,3,14,0.037840902587,0.28759315524,0.367824786202,-4.32251831332,-0.0151098901099,0.28759315524,0.372550575955,-12.1114780698
1,24246.0,66986.5,0.36195352795,2475.77999175,362,309,357,315.664686959,237.678833622,15,314.165252686,246.550704956,322.26751709,197.519088745,119.313407898,0.790157288474,3,17,-0.0682390688036,0.233723645278,0.3294291676,-12.5936978381,-0.167523320008,0.233723645278,0.362447751637,-34.8424599702
1,31918.0,81378.0,0.392219027256,2583.19420528,403,296,384,336.891033273,235.788395263,14,328.785186768,235.770751953,324.63772583,220.799423218,74.7357254028,0.733081331091,2,18,0.00547881282498,0.228197711557,0.359178357327,-0.958325949549,-0.0917792792793,0.228197711557,0.371834884527,-13.7167120362
1,20643.0,65701.5,0.314193739869,3671.27754879,337,312,303,307.183258247,231.847260573,13,301.782470703,227.337005615,263.649627686,242.088394165,143.766159058,0.396070450198,4,25,-0.0470280109853,0.260081098902,0.312049796644,-12.7527691212,-0.126666666667,0.260081098902,0.33562234808,-27.4120341843
1,14473.0,31555.0,0.458659483442,1403.47430015,262,215,253,294.661438541,202.9157742,15,291.477172852,201.251068115,252.867874146,121.054336548,53.8411331177,0.877964552424,2,11,0.00341374892287,0.237799639646,0.400827804634,-4.82811951518,0.0224101479915,0.237799639646,0.400215070352,-2.73696740656
1,28013.0,87292.0,0.320911423727,3133.86028767,288,403,323,284.269410631,215.448113376,16,269.300994873,221.757675171,333.530578613,233.76071167,1.33383822441,0.713291580142,3,25,0.0104419686748,0.235304412237,0.352747075519,-1.71013398366,-0.0105210918114,0.235304412237,0.353456166739,-4.05510081399
1,21668.0,55960.5,0.387201686904,1931.0520699,273,237,226,326.223370869,253.701864501,8,331.067504883,259.221618652,262.456481934,233.194869995,101.853286743,0.458859753738,3,14,-0.0808239593101,0.310542512684,0.396599217585,-17.7065076702,-0.277878239904,0.310542512684,0.484105163377,-41.3417723574
1,26094.0,67610.5,0.385945969931,3103.02249098,407,252,382,333.324404078,244.730627731,13,325.769744873,249.514709473,327.457580566,178.966415405,82.2580032349,0.837437485008,2,28,-0.0262956949469,0.188306987054,0.302735248007,-1.37356810784,-0.176020408163,0.188306987054,0.335154149119,-28.4144455
1,19262.0,63805.5,0.301886201033,3203.07032132,287,380,364,306.708129997,209.150347835,12,301.680328369,212.390136719,311.918579102,190.241882324,153.327758789,0.792471621664,5,25,-0.00939382148654,0.181898869685,0.292782426563,-6.28848657096,-0.0150526315789,0.181898869685,0.293268695417,-7.59813840454
1,41485.0,105820.5,0.392031789682,3236.82370985,414,379,407,312.172857659,247.814270218,13,301.35559082,243.56602478,316.465698242,292.710632324,124.317359924,0.380121983305,3,27,-0.0113373110632,0.21815006504,0.326003246435,-4.03795250895,-0.119026678393,0.21815006504,0.345147127549,-21.208421673
1,29906.0,74062.0,0.403796818881,2678.7505542,377,309,369,285.438875142,248.495820237,13,275.631317139,247.203125,319.359039307,240.2759552,122.508277893,0.658741489482,4,21,0.0467579326509,0.247482206066,0.349067833312,8.31549571217,-0.0875327477269,0.247482206066,0.350473239875,-15.3818630222
1,25615.0,67719.0,0.37825425656,2553.39521575,446,255,433,330.509154792,227.731719695,14,330.495544434,224.662796021,341.264465332,180.221542358,99.5691146851,0.849182593092,3,21,-0.000118372809466,0.19416070412,0.306194171868,1.41267603555,-0.0814192343604,0.19416070412,0.313058953411,-12.1167225934
1,43602.0,96994.5,0.44953064349,2937.40235603,546,300,465,331.369753681,269.613205816,12,321.041809082,275.059875488,428.2215271,213.936904907,104.146934509,0.866259682083,3,22,0.100528867872,0.17869455667,0.33798871001,21.2812257939,-0.108181818182,0.17869455667,0.30895871411,-4.7335649341
1,17911.0,50980.0,0.351333856414,2491.07645512,280,257,267,319.535927642,220.783652504,13,295.72756958,213.175567627,232.995178223,213.233901978,76.0741119385,0.403031968526,2,26,-0.0671393347643,0.215512107791,0.36591762086,-15.6062068557,-0.120772223885,0.215512107791,0.378696016698,-21.2405759541
1,30851.0,90594.0,0.340541316202,2941.78713202,387,416,375,282.902077728,236.741726362,11,271.103881836,227.942687988,350.095672607,263.764160156,38.291229248,0.657555690367,3,25,-0.0213900808601,0.193581610101,0.314278547403,-2.73868875827,-0.0928846153846,0.193581610101,0.321991140775,-12.2185117134
1,20184.0,65547.5,0.307929364202,2198.94442439,361,269,360,327.232956797,214.329914784,17,332.088317871,209.009552002,296.02947998,202.359573364,69.5062484741,0.729876412632,2,16,-0.0515151866766,0.220821660941,0.374913162823,-14.7531026055,-0.0787639405204,0.220821660941,0.380494814984,-17.4824328294
1,31703.0,108510.0,0.292166620588,4283.51834178,491,395,409,305.532284011,227.297858247,14,286.768859863,217.633621216,386.893768311,292.034820557,62.5331497192,0.655932976335,3,28,-0.0106383335523,0.209557753855,0.281847127989,-6.7244652559,-0.0620253164557,0.209557753855,0.289409054265,-16.8576059969
1,31435.0,87028.5,0.361203513791,2796.73330927,430,357,425,322.346238269,232.024081438,11,303.347625732,243.660644531,336.022033691,261.321777344,66.2072296143,0.628645012522,2,21,-0.048218526051,0.234922064039,0.336260956376,-7.6366266207,-0.118313992264,0.234922064039,0.350702761022,-17.3032326032
1,27376.0,77364.0,0.353859676335,3075.28460586,314,396,362,299.272830216,237.547815605,13,287.102050781,236.577423096,309.763000488,231.613372803,178.651275635,0.664023674313,3,23,-0.0195872025787,0.17685860291,0.310913886039,-5.8138997512,-0.096728151076,0.17685860291,0.322276061976,-15.7472624351
1,44466.0,130850.5,0.339822927692,3587.31613135,479,406,479,429.012751316,225.334052984,11,440.695800781,210.74130249,427.468536377,363.90612793,137.845153809,0.524671035157,3,24,0.000514908828332,0.280628219426,0.355625538142,-0.970530825658,-0.0446428571429,0.280628219426,0.358388217089,-8.57374249547
1,24029.0,58411.0,0.411377993871,2125.00329947,339,296,246,302.493278955,229.706438054,12,291.586395264,224.400238037,321.019256592,178.484451294,120.125610352,0.831186990082,3,18,-0.0434091807484,0.179934394252,0.314872454165,-16.2876663371,-0.12012012012,0.179934394252,0.337866133838,-26.8743850058
1,23277.0,67061.5,0.34709930437,2281.68959117,409,286,407,307.023800318,235.826867724,11,274.714630127,219.77015686,369.310699463,187.097640991,113.816604614,0.862173508973,4,14,0.0173766603719,0.196106321818,0.321387246255,10.4035645889,-0.0834165834166,0.196106321818,0.320845285458,-10.1813587649
1,22584.0,54980.5,0.410763816262,2868.84095478,288,298,276,321.842100602,240.281703861,14,314.586425781,246.484573364,284.7940979,167.685424805,137.910400391,0.808282191396,3,26,0.00533354419071,0.219017094017,0.348146621531,2.30829311904,-0.106350025813,0.219017094017,0.355861216886,-12.9826643683
1,26920.0,73861.5,0.364465926091,2785.88049698,373,338,328,336.647548291,276.107355126,11,329.265380859,274.527679443,334.583374023,213.550018311,48.6448554993,0.769823759667,2,22,0.04644456869,0.186363038823,0.326937278309,-4.05436544507,-0.158015061861,0.186363038823,0.362624444032,-29.655891063
1,23453.0,51891.0,0.451966622343,2304.14038253,277,326,325,341.444506033,287.446893788,9,333.046417236,286.195831299,297.1534729,197.738677979,21.3466415405,0.746448729328,2,18,0.0434635460423,0.194210381829,0.381982128427,8.87342633173,-0.203306066803,0.194210381829,0.39623212553,-15.9807561323
1,26146.0,76586.5,0.341391759644,2666.07140279,446,240,400,318.83148474,243.326550906,13,301.645019531,249.578323364,370.97253418,190.768951416,95.2871017456,0.857646269827,7,19,-0.0203498975389,0.199295667305,0.336633138709,-3.80059758481,-0.171710526316,0.199295667305,0.364341560047,-22.6955749647
1,28032.0,81687.5,0.343161438409,2617.95365262,362,340,351,296.012164669,238.745612158,10,276.287567139,262.435028076,364.334136963,215.557098389,38.8293266296,0.80619734221,6,21,0.0495319125082,0.227961524072,0.326074291372,13.1792020369,-0.043837535014,0.227961524072,0.320644961898,-5.82373937314
1,19434.0,50218.5,0.386988858688,2962.17889309,264,289,284,344.443449624,226.21591026,16,350.978881836,224.92805481,277.249847412,174.567565918,138.798797607,0.776887120248,3,22,0.0268559335842,0.276515151515,0.375517537037,2.37836463101,-0.0396351053791,0.276515151515,0.377935214414,-7.37280734589
1,38007.0,96863.5,0.392376901516,2980.28965819,394,350,354,255.559896861,263.560844055,10,242.18270874,265.140258789,321.710418701,285.30255127,115.425575256,0.462095224147,4,24,-0.0164928265094,0.223113410803,0.325139257674,-8.03362462474,-0.178095238095,0.223113410803,0.36952624523,-31.744576109
1,16313.0,37379.5,0.436415682393,1937.60847116,295,253,283,283.143995586,182.413903022,13,286.054046631,174.388122559,303.250732422,144.028091431,58.8923568726,0.880014284555,2,11,-0.0558559348748,0.169932815642,0.330006334468,-19.8919781004,0.0413223140496,0.169932815642,0.310664894099,-9.17485949234
1,26317.0,70712.5,0.372168994167,2154.20639789,361,252,352,362.152752973,262.073868602,14,357.435913086,277.669250488,305.125823975,222.522994995,86.7316818237,0.68421246298,1,11,-0.00367512459506,0.329174704854,0.42295730338,5.77498546399,-0.222222222222,0.329174704854,0.456029952694,-26.6890199137
1,24267.0,74624.0,0.325190287307,3189.01461565,352,313,347,318.938764577,195.181645857,14,307.265625,190.930999756,308.876800537,215.561538696,53.5824203491,0.71620651318,4,24,-0.0514697150484,0.239805578735,0.353803389934,-5.89489401436,-0.0137113951012,0.239805578735,0.350987841323,0.153530334638
1,32533.0,82824.5,0.392794402622,3220.25220394,278,357,328,342.661666615,239.422278917,9,343.426452637,241.480484009,321.049224854,237.800354004,168.972442627,0.671838695652,3,25,0.0267290725961,0.240768105523,0.350338053537,0.78587287297,-0.0640896358543,0.240768105523,0.356155929572,-11.6451198478
1,30865.0,80502.5,0.383404242104,2889.55163169,392,279,385,323.310448728,254.754446784,14,321.927276611,265.317718506,325.735626221,225.433441162,97.0645828247,0.721825722978,2,26,-0.0119085171776,0.245229503782,0.350092760333,-2.66585678675,-0.183071408878,0.245229503782,0.389327283269,-28.1000514653
1,20469.0,43769.5,0.467654416888,1913.63071609,261,274,234,316.951389907,235.969612585,12,319.458984375,232.996032715,233.687454224,194.035476685,149.084289551,0.557286208416,3,17,-0.0366072533398,0.258409400307,0.362588058087,-12.917540686,-0.142335766423,0.258409400307,0.393385384077,-26.7904843921
1,36314.0,98064.5,0.370307297748,2988.00538743,448,332,430,326.556038993,211.806493363,13,302.540313721,218.866943359,370.926605225,260.58782959,73.9389038086,0.711652101869,3,22,-0.00113049644089,0.220576298701,0.33547106223,0.455632436771,-0.0156078860898,0.220576298701,0.335718178933,-1.9637483474
1,22523.0,65539.5,0.343655352879,2542.43179357,356,301,343,284.732984061,177.432224837,13,275.549255371,165.268554688,285.459350586,229.669204712,80.0542449951,0.593871231431,3,18,-0.00336285583924,0.224791817747,0.329403711737,-2.68677225996,0.0948689553341,0.224791817747,0.339367182777,14.810835837
1,38634.0,113326.0,0.340910294196,2885.91202247,419,354,410,336.635372988,234.564658073,14,338.746795654,241.19682312,378.728881836,273.058959961,106.837692261,0.692947600157,5,18,0.0460081364277,0.222777481049,0.357711242504,9.12798652375,-0.0318581293158,0.222777481049,0.353974034365,0.245233671693
1,26693.0,63164.0,0.422598315496,2363.10380471,331,352,326,329.781553216,237.010901735,10,323.367218018,243.242828369,331.096710205,189.899200439,35.7086257935,0.819173341066,3,21,-0.0113326655269,0.200659121452,0.298798421573,-8.2987062009,-0.0965909090909,0.200659121452,0.315966834786,-21.3127508386
1,15943.0,42691.0,0.373451078682,2093.72408104,256,330,299,337.386564637,228.777770809,13,335.072052002,234.245056152,282.469268799,144.998275757,148.788085938,0.858194846962,1,18,-0.0262626473816,0.202306178543,0.30180108074,-9.46787796184,-0.0922558922559,0.202306178543,0.315302572867,-20.9259841428
1,24445.0,68019.5,0.359382235976,2377.71397638,275,389,372,293.249130702,232.109879321,11,287.074859619,236.890975952,304.697235107,210.700515747,175.632736206,0.722368990098,2,16,-0.070411621283,0.193521541866,0.33034918302,-11.521900993,-0.134961439589,0.193521541866,0.349246533403,-28.1610413765
1,20526.0,68071.5,0.301535885062,3406.32763982,379,230,378,326.962681477,217.370164669,10,310.9637146,207.778137207,340.071685791,194.094467163,74.0570373535,0.821126845398,2,16,-0.0459449362209,0.238786279683,0.37265577503,-20.2964028932,-0.0910326086957,0.238786279683,0.386838236333,-27.0704251863
1,38187.0,94291.5,0.404988784779,2994.76483476,385,381,346,302.540183832,248.635949407,14,296.494445801,245.544845581,371.028503418,239.863052368,144.637649536,0.762929687923,1,21,-0.0353262170298,0.212301770707,0.318685212995,-11.8583773834,-0.144606924134,0.212301770707,0.350116933557,-29.7501610758
1,25343.0,77609.5,0.326545075023,3152.32832396,423,281,413,334.710768259,274.553170501,14,316.317474365,270.1847229,378.423919678,192.862808228,111.373725891,0.86038329597,4,25,0.0144952686859,0.167836188673,0.307397633576,6.26619312306,-0.22590747331,0.167836188673,0.355835869308,-31.8851454716
1,18829.0,50112.5,0.375734597156,2771.98745084,286,267,286,338.154814382,252.329332413,10,333.261749268,259.785736084,254.472122192,189.070709229,51.9826850891,0.669300479553,2,21,0.0153229856729,0.212135148297,0.306817104484,1.10869872483,-0.154449794899,0.212135148297,0.335441934537,-26.3783619182
1,19628.0,51827.5,0.378717862139,1869.12104964,353,223,346,341.972029753,235.128489912,11,340.802215576,238.29914856,279.26953125,192.03604126,90.6162414551,0.72605472357,2,16,-0.0111951125006,0.291076487252,0.378050099051,-3.75294543289,-0.137331838565,0.291076487252,0.399166943485,-20.6441350689
1,26455.0,73615.0,0.359369693677,2557.94651234,255,376,373,324.369495369,264.518540919,12,324.972564697,258.890655518,322.745849609,228.112792969,16.8759384155,0.707425730096,2,20,-0.0232219656422,0.211670984024,0.359527815109,-6.77807434001,-0.176196808511,0.211670984024,0.392933566109,-27.4434459136
1,25422.0,61819.5,0.41122946643,2081.45409083,250,340,273,332.262253167,256.51990402,14,340.525146484,257.570739746,308.602996826,181.20803833,145.994537354,0.809450441575,1,18,-0.0378499554963,0.238550109704,0.35062418027,-11.9004836373,-0.183496732026,0.238550109704,0.395592454751,-31.1362151977
1,30796.0,81196.0,0.379279767476,2665.37797081,380,307,376,298.638686842,235.354559034,12,290.45135498,238.976272583,317.525024414,224.498291016,101.95249176,0.707188047153,2,21,0.0020855808448,0.238836599064,0.347591573591,3.96148244811,-0.0902745463006,0.238836599064,0.35131972639,-10.5665764858
1,42030.0,104285.0,0.403030157741,4094.36016023,455,315,434,331.219605044,267.074161313,10,326.182067871,272.611785889,408.281707764,236.100860596,122.089195251,0.815838862755,5,26,-0.0230856905803,0.232835098063,0.338025195345,-7.21310705775,-0.213797313797,0.232835098063,0.3999862849,-36.2902586718
1,14379.0,45038.0,0.319263732848,2394.70622015,297,240,282,310.50865846,206.446901732,11,324.372314453,206.017593384,250.176498413,159.500823975,119.784255981,0.77040634294,2,21,-0.0112331475465,0.235614233667,0.343192011758,-0.694195055214,-0.00892857142857,0.235614233667,0.343062033816,-0.287027649881
1,26242.0,55614.0,0.471859603697,2415.61347115,384,213,364,344.506821126,261.898292813,16,345.268951416,263.191711426,313.065612793,170.37562561,90.9772491455,0.838944495957,2,23,-0.0355867044907,0.263304667247,0.368468536274,-7.11855435781,-0.293325168402,0.263304667247,0.453762213822,-38.3429500701
1,29286.0,69662.5,0.420398349184,2451.62775171,286,335,252,318.264051082,250.677490951,15,302.270263672,262.187866211,286.79006958,251.739364624,164.947052002,0.479058987105,2,19,-0.0682054472781,0.217665099972,0.352701553922,-17.6881657612,-0.198586017282,0.217665099972,0.395018862043,-32.1297052652
1,23039.0,65751.0,0.350397712582,2747.64499664,362,296,348,341.367116628,271.212856461,14,337.31552124,270.310272217,301.528198242,196.875228882,124.857902527,0.757422766582,2,25,0.0982866772324,0.191038524875,0.343149363935,14.972457805,-0.118648648649,0.191038524875,0.339447633267,-13.7181113113
1,22330.0,64571.5,0.345818201529,2170.98605454,407,230,372,310.151365876,244.99968652,13,300.54309082,255.170928955,326.426818848,207.88899231,84.7881164551,0.770977422356,3,15,-0.0684071600563,0.193145186876,0.295625906209,-17.93424556,-0.233623188406,0.193145186876,0.38214044641,-47.9223640355
1,22486.0,68242.0,0.329503824624,2676.09875238,358,315,314,322.822867562,246.381126034,12,321.193725586,238.385543823,277.837097168,241.813415527,98.2668304443,0.492446998986,3,22,0.0267510494585,0.1782180974,0.333050440863,3.6849945287,-0.0982683982684,0.1782180974,0.339219897552,-10.6897336587
1,21568.0,48610.0,0.443694713022,1967.84897149,239,308,238,320.412694733,219.89118138,11,319.541320801,214.15335083,279.4921875,158.671707153,26.3969841003,0.823225662602,1,22,-0.0233757393217,0.212281211589,0.321430488287,-7.33908019991,-0.0652302243211,0.212281211589,0.327054214276,-13.2518179469
1,33131.0,81722.5,0.405408547218,2543.0835954,358,315,301,349.061241737,266.792822432,10,341.788604736,270.779541016,340.954925537,233.174636841,110.740661621,0.72958795807,1,18,0.0778255385854,0.241192577118,0.386106498076,14.4676386663,-0.111992945326,0.241192577118,0.377987865716,-15.8081352098
1,23875.0,57304.0,0.416637582019,2109.46419549,374,242,363,374.30391623,263.670910995,13,368.743377686,269.648376465,311.180603027,183.691253662,87.156578064,0.8071807803,2,19,-0.0157139389081,0.258275248555,0.364310270297,-6.00735955552,-0.249891257068,0.258275248555,0.43109850324,-31.7132794008
1,38251.0,99458.5,0.38459256876,3225.11512089,366,355,329,290.437034326,194.612977438,13,276.232452393,191.516967773,325.45980835,284.547698975,104.194541931,0.485395964591,5,24,-0.0420526457132,0.193078324226,0.363803644734,-8.56608505526,-0.00715962441315,0.193078324226,0.359918371586,-3.95056060607
1,25483.0,69741.0,0.365394817969,2233.12818992,386,291,367,298.554565789,177.027430051,12,287.346466064,185.78692627,312.597839355,218.716888428,95.6820983887,0.714461276744,1,16,0.0698966668433,0.242875647668,0.354707437641,16.5913416167,0.172895189003,0.242875647668,0.391302865754,30.6795056902
1,27983.0,57709.5,0.484894168205,2584.6155591,267,303,231,346.536575778,269.640996319,13,345.819976807,271.624328613,272.780853271,182.775054932,148.972946167,0.742321778781,1,30,0.0223575236057,0.251204282536,0.360901752082,2.38392936945,-0.184378437844,0.251204282536,0.39331975214,-25.6720970608
1,20406.0,59216.5,0.344599900366,2491.68662679,320,268,222,338.469322748,196.911300598,13,331.307617188,198.318847656,253.457138062,209.974441528,114.050224304,0.560075428583,2,22,0.0193433875768,0.243723854615,0.346987954045,-1.95567420116,0.0569877883311,0.243723854615,0.348294747633,4.17617205833
1,16232.0,47570.0,0.341223460164,2592.31082296,213,282,258,309.143666831,287.51176688,14,312.251312256,284.886413574,240.318115234,183.708892822,164.057891846,0.644694321906,3,21,0.0315344654652,0.281210894963,0.38527733887,5.23488136772,-0.253968253968,0.281210894963,0.442764002709,-31.9232660282
1,34516.0,79876.0,0.432119785668,2843.66224158,406,360,394,322.18550817,201.532332831,13,322.142272949,197.209182739,355.289489746,208.401000977,131.52583313,0.809900888315,1,30,0.00981203564209,0.172003284072,0.301338306483,5.59572151098,0.025,0.172003284072,0.303022132987,7.75803129528
1,15156.0,53991.0,0.280713452242,2136.89268959,295,233,277,287.718329375,204.808458696,10,274.371643066,182.09387207,274.773529053,213.513778687,132.192199707,0.629434346592,3,15,0.0461021117148,0.293495667655,0.398887920872,4.7736692965,0.0555078683834,0.293495667655,0.399710586927,6.00263589497
1,35667.0,100752.0,0.354007860886,3740.17608392,384,402,401,286.006532649,183.798553285,11,274.714996338,196.464660645,361.413787842,235.720779419,39.2766532898,0.758030971046,3,25,-0.053336932128,0.205627041453,0.327889758483,-13.1311836367,0.00437810945274,0.205627041453,0.320740998787,-4.28856357548
1,20672.0,46204.0,0.447407150896,1693.13829458,332,201,282,357.325561146,268.709607198,14,352.633544922,276.605895996,264.009185791,176.670211792,101.423728943,0.743098489824,1,12,-0.0938991350009,0.257530120482,0.369288164181,-18.698746351,-0.400912106136,0.257530120482,0.527906531991,-49.1378648204
2,42244.0,108408.0,0.389676038669,3380.11720884,413,366,382,343.907134741,229.465675599,11,350.162689209,239.052444458,364.157470703,289.061126709,52.9711952209,0.608204240184,6,25,0.00280239234673,0.217926669759,0.35242499065,6.65642632461,-0.0585792349727,0.217926669759,0.351861642063,-2.34301237959
2,45146.0,101094.5,0.446572266543,3246.16180336,417,360,397,300.1242192,243.844194392,16,293.355987549,247.936233521,376.617156982,249.883865356,66.1123657227,0.748180093307,3,27,0.0324890173427,0.222477642846,0.355730464142,6.29485893117,-0.0698559670782,0.222477642846,0.356189201614,-5.15734893198
2,44581.0,93510.0,0.47675114961,2992.62983966,426,336,400,319.012606267,214.683160988,16,323.568969727,197.125366211,342.257659912,261.697753906,68.6983413696,0.644478951606,1,26,-0.0633285043859,0.236008054581,0.356752608102,-17.8636935843,-0.0861950549451,0.236008054581,0.362539258238,-20.3479769869
2,22157.0,56337.5,0.393290437098,2691.8912524,274,285,265,333.138827459,197.684659476,15,324.657867432,204.532028198,251.019348145,223.193450928,5.73298883438,0.457618977706,2,22,-0.0170554212979,0.245760565721,0.376124353943,0.319847012432,0.015629984051,0.245760565721,0.378352356052,4.98653237161
2,36247.0,81225.0,0.446254232071,3228.80646491,374,296,369,330.708555191,260.046845256,13,331.897766113,263.971221924,321.120666504,231.645980835,78.5278091431,0.692552576873,1,30,0.0133339366762,0.211980134615,0.36068386284,2.56627724444,-0.165878378378,0.211980134615,0.375605221101,-18.7575152892
2,29987.0,73490.0,0.408041910464,2547.10084033,326,331,278,298.193183713,274.264014406,11,272.564849854,274.453735352,330.147369385,242.918365479,119.421882629,0.677212298059,6,15,-0.0509647097495,0.239870330995,0.37135767926,-14.8664414493,-0.254179254783,0.239870330995,0.437214807578,-38.2492161479
2,28236.0,64684.0,0.436522169315,2437.92926741,385,261,371,311.23615243,218.874734382,12,311.41708374,221.719070435,308.117828369,210.30821228,104.026245117,0.730831659957,2,17,-0.0358642135479,0.234638419754,0.378356637485,-11.0833086667,-0.0813612801442,0.234638419754,0.387467604245,-16.0731552009
2,45342.0,117736.5,0.385114216917,3238.79636025,400,366,388,311.307595607,219.809734904,8,306.442260742,223.599746704,350.328216553,345.209899902,112.741127014,0.170313441405,7,21,-0.0343475887359,0.231703285191,0.366305330586,-2.23790013237,-0.0693468644288,0.231703285191,0.369013207498,-7.7621404988
2,20928.0,65600.0,0.319024390244,2733.85387623,359,325,348,338.572629969,236.859900612,11,338.498046875,233.276062012,294.83694458,233.79095459,131.182540894,0.60928671478,2,14,-0.0817497563598,0.219657779546,0.376684218732,-16.688251997,-0.173626373626,0.219657779546,0.405173980678,-27.5553540529
2,27463.0,86720.0,0.316685885609,3662.63483143,433,325,367,349.640425299,245.998142956,11,339.362304688,240.223312378,350.162689209,275.756652832,112.662704468,0.616301751928,2,22,0.0578963839205,0.237514350325,0.327462248191,8.70812064593,-0.0620979020979,0.237514350325,0.324822371268,-11.2484346892
2,27914.0,71412.5,0.390883948888,2336.80228901,397,333,364,313.404384896,263.077022283,13,313.011871338,266.894561768,302.77142334,238.401641846,115.640296936,0.616444839848,2,19,-0.052400280801,0.171129616104,0.277632310859,-11.9650851694,-0.220799747116,0.171129616104,0.349292828883,-41.3766138387
2,29184.0,86674.0,0.336709970695,3340.84809506,394,325,379,346.028885691,223.300644189,12,346.949127197,223.495239258,310.173706055,242.008773804,69.1580505371,0.625484908955,3,28,0.00565033376711,0.21477036152,0.319628069423,0.753184345764,-0.0445054945055,0.21477036152,0.322459921621,-8.21966789832
2,34451.0,87496.5,0.393741463944,3004.1790483,396,353,381,338.236509826,228.915648312,11,340.899505615,234.452163696,299.588867188,266.111572266,73.5939025879,0.459348990617,3,27,0.00143977593396,0.230233405236,0.309841520616,5.62082991194,-0.0606442136187,0.230233405236,0.311000139759,-6.39743198676
2,24166.0,71712.0,0.336986836234,2606.37291849,354,322,338,359.618348092,228.546966813,13,345.807250977,236.87286377,294.882141113,246.98765564,106.325584412,0.546313279241,2,23,-0.0374587852152,0.149056539928,0.31041008559,-7.88860259665,-0.104374831218,0.149056539928,0.319459319198,-15.9851298819
2,24960.0,53995.0,0.462265024539,2240.87840903,233,343,331,339.588020833,264.81161859,13,339.538116455,260.54989624,275.933135986,174.900772095,164.885650635,0.773454350937,2,25,-0.0354180216042,0.259560532904,0.348043799608,-9.52552603519,-0.203965014577,0.259560532904,0.401551551411,-32.0993677525
2,30616.0,80419.5,0.380703685052,2494.50791359,368,331,365,324.872811602,229.968153906,14,309.388549805,238.571289062,313.044403076,232.238357544,51.5014419556,0.670543361448,1,19,-0.003435375382,0.213225516533,0.329107429697,1.64007243977,-0.0728255684529,0.213225516533,0.334077193974,-9.52693122615
2,23699.0,56474.5,0.419640722804,2129.90784657,234,356,321,318.203974851,239.358749314,12,323.510894775,245.262084961,288.823913574,179.963592529,166.65914917,0.782149318575,2,20,-0.0183742996789,0.200514519167,0.357947311607,-8.51902416571,-0.109269662921,0.200514519167,0.372414128466,-17.5591374204
2,25368.0,61107.0,0.415140654917,2491.77999175,319,273,239,352.22106591,264.764112267,15,346.53314209,267.006347656,269.405944824,197.502716064,56.3226699829,0.680115991337,1,24,0.00646194969752,0.195402298851,0.356174477888,-1.72084157966,-0.205128205128,0.195402298851,0.395686401178,-23.5202677803
2,44519.0,110427.5,0.40315138892,3633.65631282,361,395,373,325.480266852,237.965048631,13,321.357727051,236.448150635,343.626098633,286.528564453,3.14195251465,0.552008941308,3,27,-0.0356252871041,0.220121035513,0.333362507986,-5.50111827118,-0.114017815284,0.220121035513,0.347826872618,-20.7816021253
2,33039.0,95641.5,0.345446275937,3123.87039232,412,382,399,297.798026575,212.773298223,12,277.614501953,215.848175049,363.743774414,247.106842041,56.8145561218,0.733820742784,3,22,0.040339428952,0.210061782877,0.324021648416,6.72841292764,0.0252260828177,0.210061782877,0.323234403258,3.12304838988
2,20851.0,54569.0,0.382103392036,2432.12313759,258,325,287,335.897750707,231.650712196,13,342.955474854,240.282226562,296.687927246,173.070083618,152.646102905,0.812227715526,4,24,0.0364893708597,0.260075339833,0.391784941415,12.4351339109,-0.039358974359,0.260075339833,0.384989602021,2.65476201476
2,30951.0,63599.5,0.486654769299,2529.86325204,298,319,311,320.840845207,237.840586734,13,318.977844238,244.38218689,257.690887451,233.900039673,19.631608963,0.419669905792,3,24,0.0546204390821,0.227952783779,0.365220801562,12.2466934165,-0.0420585161964,0.227952783779,0.354793927567,0.749372166379
2,31509.0,91168.5,0.345612793893,3221.65213692,339,395,356,311.800184074,208.242279983,14,313.750183105,206.385864258,320.817443848,252.949447632,33.9645500183,0.615095119875,7,25,-0.024399291181,0.204837866711,0.32535964242,-3.58654382063,-0.0275443037975,0.204837866711,0.325488661154,-4.06224922293
2,33963.0,86316.5,0.393470541553,3036.82370985,388,370,382,304.720637164,224.534463976,16,299.003570557,229.070877075,320.094512939,259.122314453,128.498947144,0.587094866658,2,23,0.00731993788914,0.234168605688,0.336465923888,4.33914703172,-0.0400705052879,0.234168605688,0.336575585717,-3.06661517033
2,27590.0,91679.0,0.300941327894,2983.37500644,401,310,386,340.901304821,253.806197898,13,341.83581543,255.672821045,343.177642822,231.356781006,107.497520447,0.738584957307,2,16,-0.0482058132329,0.184632983055,0.327929611357,-7.65193404214,-0.199193548387,0.184632983055,0.381114677133,-37.2644508287
2,23533.0,72555.5,0.324344811903,2864.36722136,298,308,276,364.246377427,262.786810011,12,349.717590332,267.483032227,292.672302246,238.563446045,112.466789246,0.57929022336,6,23,0.0561965881231,0.254701581849,0.377846457257,7.70243081051,-0.124929418408,0.254701581849,0.382734014888,-17.9060515019
2,23517.0,77463.5,0.303588141512,3533.89989519,360,333,328,309.09482502,249.239231194,10,306.196655273,260.01373291,311.193847656,250.397232056,65.942276001,0.593770750255,3,28,-0.0109718496949,0.264111249984,0.333248786594,1.95285088299,-0.137816387816,0.264111249984,0.352374020153,-22.6997419286
2,35346.0,100308.0,0.352374685967,3166.52933443,431,338,430,322.114921066,231.490493974,15,306.407440186,219.669418335,350.196777344,257.704437256,114.741737366,0.677106907143,2,23,-0.0268482941345,0.193122707018,0.334344890074,-2.432314311,-0.0993053768974,0.193122707018,0.343062884731,-17.1849035815
2,27259.0,69507.0,0.392176327564,2437.83886683,301,312,294,301.492387835,236.871161818,11,287.497741699,249.268249512,287.281219482,246.978637695,23.5031204224,0.510781865798,2,25,-0.040028327506,0.223198473021,0.378355852884,-3.95160156399,-0.135769230769,0.223198473021,0.389243903336,-14.9118776411
2,29135.0,62163.5,0.468683391379,2034.15048718,256,354,340,318.247194096,224.903209199,12,313.832641602,235.252380371,304.357421875,209.040145874,176.491455078,0.726823261229,1,15,-0.0170342489683,0.295245203721,0.399129083369,-5.16241940179,-0.0676082862524,0.295245203721,0.405357897979,-11.4550654452
2,26759.0,64043.5,0.417825384309,2605.15971541,331,277,235,319.309353862,229.640233193,12,323.792663574,234.027206421,280.526550293,209.857620239,72.1151733398,0.663603256104,2,27,-0.0209538312342,0.2120478839,0.335620817532,-7.37949936721,-0.10268752507,0.2120478839,0.349346133496,-17.2747187912
2,33276.0,83369.0,0.39914116758,2931.36786616,313,390,345,353.052770766,230.995642505,15,344.814422607,233.766342163,305.616455078,254.334106445,14.5974645615,0.55447511764,2,25,0.0146554936028,0.221335109167,0.330746945267,6.17884566368,-0.0468717948718,0.221335109167,0.330717282307,-5.99073712667
2,20545.0,45084.5,0.455699852499,1893.02054441,238,259,230,324.861426138,248.90781212,15,317.704559326,255.689300537,232.65133667,192.387481689,142.312667847,0.562297849155,2,20,-0.0354910728968,0.234815725268,0.384086824886,-5.10135814542,-0.197297297297,0.234815725268,0.416553148294,-20.5286417052
2,43577.0,106135.0,0.410580863994,3666.97002113,378,337,354,371.565206416,188.184133832,12,369.040802002,185.032821655,331.675750732,287.088043213,81.2876968384,0.500790749217,5,30,-0.0218077136536,0.250287550764,0.356932872771,-5.86845053079,0.0340257171118,0.250287550764,0.356075458977,3.01795966219
2,32819.0,83361.5,0.393694931113,3143.77702737,403,328,387,310.979524056,222.91520156,17,286.537109375,211.098937988,348.676696777,261.007232666,111.566764832,0.663061217568,4,28,-0.0331418070904,0.197791310204,0.331004975791,-6.31317156043,-0.0816637630662,0.197791310204,0.337352293402,-12.8698439568
2,23068.0,65602.0,0.351635620865,2566.50791359,295,330,267,334.336049939,217.283119473,13,330.910583496,213.024154663,282.286224365,201.007461548,150.008834839,0.702108802353,3,22,-0.0115387564183,0.224347657879,0.327464880537,-4.8733366377,-0.0426997245179,0.224347657879,0.3298910294,-9.87010356898
2,36255.0,71984.0,0.503653589687,2749.76988709,335,299,231,355.498358847,254.334712453,15,351.484039307,255.752243042,268.880950928,237.199920654,116.593643188,0.470922644441,1,28,-0.0120195952345,0.209701492537,0.353355105813,1.25232305479,-0.17032967033,0.209701492537,0.37267349946,-18.0915842336
2,26501.0,61408.5,0.431552635222,2668.26293516,320,295,302,302.62129731,228.768084223,15,298.730743408,230.211746216,261.203369141,214.294448853,121.919639587,0.571772426943,4,18,-0.0216901099777,0.229903228232,0.374283888314,-3.9109146608,-0.0954802259887,0.229903228232,0.384106772844,-11.6814554875
2,28937.0,59832.5,0.483633476789,2479.11094499,249,359,359,291.771710958,271.218232712,16,286.185852051,271.268859863,297.440826416,189.704315186,0.195453077555,0.770211613345,1,23,0.00581559311932,0.179555636961,0.337457057256,3.20870399123,-0.173065277946,0.179555636961,0.360922758348,-23.4567587525
2,33175.0,81403.0,0.407540262644,2858.01966798,344,314,302,324.662215524,245.052599849,17,303.875946045,232.826263428,310.604553223,261.030212402,103.545188904,0.541975897387,2,25,0.0132885345519,0.22371627206,0.367357913968,-0.670271822417,-0.107898089172,0.22371627206,0.379970187222,-15.1916245063
2,24196.0,64090.0,0.377531596193,2543.17696035,297,289,260,339.432881468,273.876839147,14,326.774200439,273.403961182,283.662139893,207.670761108,126.735946655,0.681190700985,2,23,0.0313174816278,0.197252654292,0.342664900831,-0.135306956449,-0.200090266286,0.197252654292,0.383716905215,-32.2273712839
2,24015.0,83621.5,0.287186907673,3027.37500644,383,357,317,353.202956486,250.586758276,13,338.114318848,259.750854492,343.779418945,245.286758423,42.5392303467,0.700654805447,3,23,-0.0157720813117,0.179697542595,0.297833018639,-4.29391250037,-0.137863841189,0.179697542595,0.322881084359,-28.0358314157
2,37395.0,91011.5,0.410882141268,2694.78504407,515,271,509,341.112047065,235.312849311,15,339.093078613,231.401947021,399.088684082,211.067062378,98.6859588623,0.848701239024,4,20,-0.0890669767107,0.19988115591,0.351967081319,-21.061913488,-0.193542435424,0.19988115591,0.394820796383,-31.2367232598
2,51229.0,119645.5,0.428173228412,3893.82283342,494,390,406,311.95262449,268.768724746,12,289.392089844,261.923675537,422.319793701,279.919952393,118.463317871,0.748783074515,3,33,-0.00486651774594,0.183968063766,0.313090011874,-1.20786273264,-0.163247863248,0.183968063766,0.338874569702,-23.8294870771
2,27423.0,66509.5,0.412317037416,2304.2581327,346,307,342,328.453013893,201.223316194,15,304.508361816,193.449203491,297.582214355,226.168426514,122.672447205,0.649899715858,4,20,-0.0324973413862,0.184551152054,0.339190951081,-7.36055348081,-0.013680781759,0.184551152054,0.337824243469,-4.77722952105
2,29908.0,63366.5,0.471984408165,2426.66729391,292,307,292,356.130065534,214.561421693,13,358.305480957,209.499160767,253.194869995,226.573348999,139.165878296,0.446351777104,3,23,-0.00525241482178,0.263536399455,0.367738220205,-0.905330130883,-0.0298824529104,0.263536399455,0.368641382757,-4.35535073319
2,38842.0,89463.0,0.434168315393,2924.95870495,423,342,404,323.229880027,226.679187477,15,322.936706543,219.618103027,335.089935303,254.281951904,105.169036865,0.651269078648,3,24,-0.0323707968495,0.182866406625,0.313271745527,-11.6438507495,-0.0899122807018,0.182866406625,0.32513565472,-19.3755177838
2,19825.0,73252.5,0.27063922733,2523.50286126,274,328,312,329.205296343,275.392837327,12,321.303710938,248.832717896,369.895721436,224.112426758,175.036331177,0.795556033533,2,17,0.0123167565553,0.28145695185,0.364931424896,1.00161087135,-0.196197991392,0.28145695185,0.410680176281,-31.1240066224
2,25898.0,53546.5,0.483654393845,1918.12610197,337,244,330,338.525098463,251.447293227,11,323.836700439,260.289581299,276.5574646,193.83581543,90.1482467651,0.713271319384,3,20,-0.101650437593,0.228642462452,0.357142274402,-25.2394864688,-0.28381147541,0.228642462452,0.439786682438,-43.8921457775
2,23442.0,54356.0,0.431267937302,1980.63280404,289,279,272,309.603361488,218.521883798,14,313.336608887,232.372924805,277.339050293,212.839981079,133.590621948,0.641125519957,2,16,-0.0341957569953,0.267472594512,0.394527455824,-5.60677634504,-0.0754928315412,0.267472594512,0.399495926515,-10.2818340219
2,40022.0,93987.5,0.42582258279,2766.75769448,393,317,392,316.507770726,243.908050572,14,300.354736328,249.152587891,328.510314941,264.424407959,78.6547698975,0.593383818361,2,20,-0.0151165597092,0.264503816794,0.404254335304,-2.37817665573,-0.131545741325,0.264503816794,0.420846339096,-14.5530033159
2,35369.0,92947.5,0.380526641384,3267.64917254,342,346,336,322.648845034,225.3933388,14,318.189575195,224.287490845,328.602905273,245.254638672,141.126785278,0.665547313749,3,24,-0.00247589942337,0.215168972929,0.354320482897,-1.84126467598,-0.0556358381503,0.215168972929,0.358474867976,-8.53711098574
2,28152.0,80060.5,0.351634076729,2884.3140434,343,339,297,351.338199773,262.795183291,12,322.142089844,262.225708008,297.99395752,258.733062744,117.609741211,0.496128057833,4,24,-0.0151076205781,0.239109912426,0.373889036511,-8.60839839423,-0.179695181908,0.239109912426,0.411484780755,-27.7436497112
2,30398.0,73411.5,0.414076813578,2809.26736093,290,373,344,306.901407987,205.149976972,14,298.839355469,205.466949463,334.82208252,202.277816772,153.479248047,0.79688181086,3,25,-0.0327346461872,0.244508985392,0.372700530979,-1.78000095844,-0.0277747989276,0.244508985392,0.372444868945,-1.13452062531
2,41995.0,112966.0,0.37174902183,3926.92839098,422,416,339,322.712751518,237.533087272,12,321.02355957,233.450012207,357.200531006,277.551177979,142.903808594,0.629478599384,3,31,0.00608915209686,0.206947504088,0.322705047496,3.7128065585,-0.0673076923077,0.206947504088,0.326289544637,-6.76655071578
2,25541.0,66804.5,0.382324544005,2700.12017322,288,340,292,351.833444266,233.852159273,12,350.779876709,228.316879272,301.653625488,207.055908203,143.557907104,0.727221512138,2,24,0.0460112527647,0.207465277778,0.340589634834,5.96825959717,-0.0329656862745,0.207465277778,0.336778051239,-4.20761979234
2,28303.0,76184.0,0.371508453219,2932.22781873,396,299,387,317.18687065,255.442850581,16,293.730804443,274.956848145,343.912231445,230.554840088,67.6280212402,0.742010190064,3,17,-0.0567522211527,0.240576442654,0.368327341135,-4.24762449332,-0.218768443832,0.240576442654,0.413538363141,-26.9893827049
2,37824.0,78135.0,0.48408523709,2572.65004897,390,293,382,341.559221658,219.782043147,12,336.302062988,216.784790039,321.400421143,224.243103027,97.868019104,0.716383905425,2,20,-0.010470842501,0.211983817085,0.382305707846,-5.87855155142,-0.0540955631399,0.211983817085,0.385666436782,-10.0831977836
2,35733.0,95290.5,0.374990161664,3012.92421508,325,402,331,343.378249797,245.864606946,12,332.358459473,245.688461304,346.533355713,250.300796509,14.9983148575,0.69158060763,3,21,0.0233542698253,0.278625897466,0.377949542664,-0.157773723972,-0.0733238569059,0.278625897466,0.384872116405,-12.9221131535
2,34001.0,77984.5,0.435996896819,3023.39225137,395,287,367,332.232904915,225.228346225,14,324.612976074,228.381103516,315.466217041,221.464187622,85.9928970337,0.712155373623,2,30,-0.0202264359172,0.223257600887,0.336272164363,-7.35516206532,-0.0837398373984,0.223257600887,0.346675589167,-16.5665549073
2,19196.0,61634.0,0.31145147159,2173.52307057,291,346,338,361.768024588,219.138101688,8,384.686126709,236.299667358,314.375091553,206.56161499,155.714355469,0.753842947891,1,13,0.0370821080351,0.226317704747,0.336224041825,7.469096244,0.00200088928413,0.226317704747,0.3336896552,1.73580923022
2,35072.0,82551.5,0.424849942157,3068.96584523,388,331,361,323.964073905,168.261062956,15,325.935668945,158.762496948,323.083496094,245.156356812,55.5817298889,0.651321534857,4,24,-0.0545990041605,0.184048141712,0.318705925683,-14.8663347307,0.0624370594159,0.184048141712,0.312267215233,3.8291811152
2,28919.0,64708.5,0.446911920381,2386.84391916,373,257,367,321.249075003,230.382032574,13,317.708190918,232.131607056,302.093353271,205.971633911,76.8793640137,0.731525094361,1,21,-0.0250096935244,0.218785551514,0.34976138775,-5.27849111437,-0.115990365018,0.218785551514,0.365597448203,-16.3332983178
2,15752.0,35578.0,0.442745516892,1567.2144146,205,241,188,293.0126968,230.542915185,15,279.347564697,225.715240479,220.472442627,169.980621338,6.91295957565,0.636855086883,2,16,-0.00941736437604,0.222881337561,0.371630553846,-7.20062453376,-0.107105809129,0.222881337561,0.388123239922,-21.7474037764
2,31033.0,99635.5,0.311465290986,3534.15169871,442,347,426,336.58138111,246.111171978,14,338.305114746,249.288894653,378.911956787,223.626281738,116.181716919,0.807271636872,3,31,-0.0293347279609,0.206859961481,0.330244218246,-6.93048068441,-0.142047039137,0.206859961481,0.353493205086,-23.3247949695
2,11025.0,35027.5,0.314752694312,2052.6449604,276,185,270,333.001088435,235.891972789,12,331.744384766,232.919342041,224.312438965,154.380065918,98.5276260376,0.725486157031,4,19,-0.0293179280247,0.265446846931,0.371339481354,-3.24383786191,-0.185490753912,0.265446846931,0.40318154856,-22.2805158393
2,35692.0,82141.5,0.434518483349,2889.18410063,361,328,257,306.367365236,230.010198364,14,300.240905762,224.319412231,301.323638916,246.878814697,102.629585266,0.573344411835,1,28,-0.0483138551627,0.213270155369,0.328978697354,-15.8175256922,-0.118466898955,0.213270155369,0.347130374912,-24.1121984431
2,48798.0,112304.5,0.434515090669,3314.5638243,414,402,365,336.662055822,221.888581499,12,334.455200195,219.692687988,359.122680664,276.99307251,120.748138428,0.636465865207,1,32,-0.0116266629372,0.237996100161,0.348930988927,-2.96583251369,-0.0486629353234,0.237996100161,0.352229905313,-7.64870200152
2,24809.0,62501.0,0.396937648998,2913.20848584,377,279,312,303.236647991,248.152928373,14,293.409637451,247.34777832,298.968658447,211.322921753,114.321990967,0.707373745132,1,25,-0.0086274968718,0.185070562974,0.318313189677,1.52347683052,-0.156129032258,0.185070562974,0.34571567628,-20.7752217597
2,31524.0,88398.5,0.356612385957,2913.46837139,406,320,389,350.972655754,241.893985535,13,343.022491455,244.459838867,304.93737793,250.790298462,93.6820297241,0.568863239269,2,23,-0.00793999085583,0.217162484341,0.324829068818,-1.58725160874,-0.116983695652,0.217162484341,0.342117838976,-19.39721757
2,44505.0,122622.5,0.36294317927,3843.29592204,430,387,385,288.965599371,247.016896978,15,279.398284912,247.431533813,329.150360107,322.936004639,142.464096069,0.193399911447,6,32,-0.0472754600055,0.213818139718,0.325882743568,-8.2482745343,-0.150678294574,0.213818139718,0.350755904425,-25.8167424326
2,28599.0,87551.5,0.326653455395,3117.91916275,346,375,336,359.659953145,206.922095178,14,348.18081665,224.046081543,311.282867432,274.082244873,3.66055965424,0.474059990048,2,24,-0.0342077461916,0.21792386953,0.316792767803,-3.2841786567,-0.034,0.21792386953,0.31678125891,-3.24646055971
2,24955.0,43782.0,0.569983098077,1900.04998195,228,286,217,327.255860549,254.085193348,15,323.544647217,252.043441772,255.475311279,172.481964111,27.7661857605,0.737688324901,2,19,-0.0249137516355,0.204927086669,0.361580559378,-9.91765292201,-0.18954729481,0.204927086669,0.399180910991,-27.3113189941
2,35549.0,90453.5,0.393008562411,2973.36786616,394,368,360,324.970800866,242.29556387,14,328.875457764,237.980926514,297.666687012,281.497680664,52.2010993958,0.325096541418,2,22,0.0314355737563,0.172704199354,0.326174568753,6.48147711687,-0.064476284585,0.172704199354,0.333043317629,-9.2765897179
2,42144.0,128332.5,0.328396937642,4433.85435891,490,393,482,331.509633637,229.094461845,17,338.670623779,234.511932373,413.475128174,296.328826904,103.103561401,0.697403475628,4,27,0.0386910253339,0.182730831513,0.302125852431,9.94806948509,-0.017528979361,0.182730831513,0.297916857382,-0.116968381817
2,26872.0,80996.5,0.331767422049,3017.13236582,331,333,320,357.794991069,244.782896695,12,363.164916992,248.271972656,292.60168457,254.030700684,145.971405029,0.4962507949,2,24,-0.0180443542679,0.195412881237,0.334627781041,-9.64547594314,-0.131506506507,0.195412881237,0.362071582091,-23.0945611921
2,21048.0,53791.0,0.391292223606,2230.94442439,303,289,239,310.559245534,242.568890156,12,302.731384277,242.451080322,255.781814575,213.14112854,129.1222229,0.552831993624,4,16,-0.0570713143397,0.259670278245,0.357675869938,-10.6832299803,-0.180147058824,0.259670278245,0.392936591069,-28.6783327367
2,27967.0,70036.0,0.399323205209,2238.24088776,335,306,242,334.029534809,231.864232846,10,323.012878418,232.964294434,272.930114746,253.305435181,92.4776306152,0.372340194369,3,16,-0.0184175397194,0.216802065227,0.356865719772,-3.07593400034,-0.0996732026144,0.216802065227,0.36962746385,-12.9952617497
2,31961.0,81437.0,0.392462885421,2981.14247048,338,372,273,317.53108476,216.015299897,14,307.293914795,216.538803101,307.08102417,241.69303894,148.658981323,0.616868772987,2,24,-0.0120556454388,0.19921870926,0.324513881865,-5.51802649712,-0.0362903225806,0.19921870926,0.326138026013,-8.921804656
2,17777.0,52494.0,0.338648226464,2603.62646878,265,276,265,297.818754571,173.954548011,14,286.618133545,171.91645813,243.865356445,219.572402954,127.010643005,0.435096669062,3,19,0.00689100156713,0.225530036999,0.350433126838,5.86182457492,0.126620900076,0.225530036999,0.373341897474,21.3974873301
2,29501.0,65093.0,0.45321309511,2452.52515852,272,375,364,328.465340158,226.340191858,13,320.673858643,218.697601318,306.806640625,212.511001587,13.7884645462,0.72126953189,3,21,-0.0275372661567,0.191082867675,0.343225909189,-6.08413669869,-0.0791111111111,0.191082867675,0.350426972303,-11.3664213903
2,38786.0,89983.5,0.431034578562,3160.15466309,424,347,410,302.351338112,236.579590574,13,294.524261475,239.143798828,340.787231445,255.191879272,115.382598877,0.662761536556,5,23,0.0177083803032,0.224164685637,0.33360611497,6.69350364706,-0.0675353965668,0.224164685637,0.338102422988,-6.84061293409
2,15330.0,57050.0,0.268711656442,2792.07978332,351,222,346,316.500391389,245.614611872,14,310.379821777,246.510437012,283.652923584,196.98475647,76.3929519653,0.719534213484,5,22,-0.0564042872262,0.262885060145,0.346755961089,-13.4240444101,-0.230343980344,0.262885060145,0.415412561121,-38.1376950472
2,21978.0,67438.5,0.325896928312,2729.58612156,331,298,265,304.79042679,205.670716171,15,299.180786133,213.284637451,316.388977051,220.273529053,126.294189453,0.717837066786,3,27,0.00821642264595,0.234470964806,0.338915914491,4.62473755155,0.0126771066368,0.234470964806,0.339269126441,5.50472313336
2,29862.0,70998.5,0.42060043522,2618.97594988,384,287,356,309.473310562,226.659634318,14,309.724975586,226.561035156,336.719421387,204.317489624,122.680664062,0.794863293276,3,21,-0.0196030660901,0.196239249822,0.337741216957,-7.18859899381,-0.0881035340966,0.196239249822,0.348278830743,-16.9754297206
2,36047.0,78314.0,0.460288071098,2784.85819972,348,364,257,328.211695842,205.276860765,15,328.068328857,201.865478516,307.101867676,239.335601807,140.094268799,0.626606009571,2,25,0.00229906803602,0.220254217913,0.334858158297,-0.654502582506,0.00703296703297,0.220254217913,0.33483169619,0.120750564959
2,8487.0,38095.0,0.222785142407,1949.19700432,228,280,271,330.027453753,240.243195475,10,299.240325928,268.664215088,268.22467041,193.754135132,32.3700866699,0.691519678429,3,10,0.0737256981265,0.262304783994,0.372959862808,15.1647911924,-0.045,0.262304783994,0.363294982079,-7.92368203877
2,41586.0,102319.0,0.40643477751,2709.56887662,440,306,440,327.291949214,219.416822969,15,330.692779541,214.561981201,368.943084717,252.549484253,104.622390747,0.72899264545,2,18,0.020243793291,0.28688987334,0.379525323766,4.39161771182,-0.0203340595497,0.28688987334,0.378940083829,-1.61692517957
2,33224.0,72250.5,0.45984456855,2737.7383616,370,317,353,339.924241512,242.123525163,11,332.459075928,247.901367188,298.985565186,243.246337891,97.9540100098,0.581463935969,3,27,-0.0179535951176,0.21373646401,0.34416978106,-7.06612544661,-0.128753359037,0.21373646401,0.362037817386,-20.2276982319
