0,9050.0 ,23448.0,0.385960423064,1153.28339434,191,192,160,442.940994475,210.791270718,12,438.849517822,216.842010498,197.602432251,122.369277954,139.154266357 ,0.785178032939,1,13,-0.0127057214195  ,0.223188488351,0.347450736207,-0.0685177961862,-0.0324519230769  ,0.223188488351,0.348016166611,-2.23371616852
0,11075.0,29975.0,0.369474562135,1426.58699799,237,201,227,413.937336343,268.293544018,11,411.373077393,265.920349121,207.216262817,130.585235596,121.556838989 ,0.776442452295,1,11,-0.0505522459527  ,0.262778160206,0.377388869573,-9.05466973922  ,-0.355495251018   ,0.262778160206,0.508933581993,-46.6190158001
0,12178.0,37672.0,0.323263962625,1548.40323246,211,237,230,354.073246839,226.281080637,11,343.254333496,222.2628479  ,228.742050171,168.290924072,146.520217896 ,0.677281911723,1,14,-0.0612009858586  ,0.243010665648,0.363404005208,-14.0820084813  ,-0.14255575648    ,0.243010665648,0.393053136027,-33.2449427873
0,9603.0 ,31734.5,0.302604421056,1441.47430015,215,210,199,429.326772883,186.209934396,10,432.665496826,174.478668213,191.206451416,163.900466919,121.131660461 ,0.514998477189,1,13,-0.0477182611203  ,0.200116913375,0.296831945479,-20.9071453058  ,0.0512820512821   ,0.200116913375,0.286135239396,9.9243150036
0,11292.0,31206.0,0.361853489714,1422.59710264,256,180,256,439.700673043,252.335370174,13,437.497650146,252.767166138,207.762893677,136.578674316,82.4376296997 ,0.753561330604,1,11,-0.00167218590439 ,0.258984135993,0.360311159835,0.535916290529  ,-0.253535353535   ,0.258984135993,0.435571268937,-33.9360656228
0,11219.0,31253.0,0.35897353854 ,1446.11896169,202,226,188,391.601123095,258.959354666,11,391.436889648,253.976577759,206.881195068,136.356140137,139.197296143 ,0.752052156709,1,14,-0.0352620210725  ,0.233098389742,0.35526179022 ,-4.58952639993  ,-0.265170670038   ,0.233098389742,0.434582953521,-40.0849386523
0,10368.0,29001.0,0.357504913624,1321.89356601,217,211,209,379.714795525,171.611882716,11,367.828765869,171.288375854,176.663665771,158.855117798,57.9222259521 ,0.437547731711,1,11,0.0951015553109   ,0.253994639495,0.388102164848,19.8599643723   ,0.262817750969    ,0.253994639495,0.461447175611,36.3207220813
0,8941.0 ,23194.5,0.385479316217,1159.30063927,157,222,221,430.559333408,242.090146516,13,424.927093506,240.720413208,192.934448242,120.218162537,12.1207637787 ,0.78213925738 ,1,11,-0.0176119526304  ,0.194743485684,0.329016782495,-5.4350778805   ,-0.175675675676   ,0.194743485684,0.371504482788,-35.7286602678
0,11266.0,31553.0,0.357050042785,1433.23165953,222,220,209,408.207260785,160.164832239,14,411.212585449,160.827392578,209.904006958,137.258529663,131.305862427 ,0.756571518654,1,11,0.000336014307659 ,0.245545365419,0.36276612685 ,-5.47903486415  ,0.213223140496    ,0.245545365419,0.411174813806,33.2427018329
0,4910.0 ,13930.5,0.352464017803,920.531087279,128,157,156,426.377800407,171.377393075,10,426.571777344,161.322311401,139.164932251,101.1016922  ,11.8651657104 ,0.687178855705,1,11,0.025565329374    ,0.251341620765,0.349507703774,-3.29481739295  ,0.252460914881    ,0.251341620765,0.411386094033,41.1436442099
0,9171.0 ,26936.0,0.340473715474,1268.34435737,205,179,176,369.846472577,211.897721077,12,371.037139893,210.267883301,199.3722229  ,139.825897217,60.4765853882 ,0.712835880099,1,14,0.0102027514295   ,0.217100639533,0.358546531987,2.13227096802   ,-0.0171588188348  ,0.217100639533,0.357825692275,-0.727002058788
0,9209.0 ,27101.5,0.33979669022 ,1314.34435737,219,157,211,371.25605386 ,201.3747421  ,10,373.334838867,198.547164917,197.230056763,139.511993408,76.9051895142 ,0.706856818073,1,14,0.00784640100167  ,0.231253821083,0.409066451474,-0.998078095004 ,0.0436760691538   ,0.231253821083,0.408880984509,2.55899190632
0,4751.0 ,13301.0,0.357191188632,893.092488527,119,161,161,387.64596927 ,260.790570406,11,388.643341064,267.516387939,131.475372314,100.94355011 ,4.69423007965 ,0.640719135497,1,10,-0.0422945937501  ,0.196988338589,0.308075842387,10.3583172378   ,-0.376397515528   ,0.196988338589,0.45498563909 ,-56.3435281403
0,8898.0 ,22745.0,0.39120685865 ,1135.88642573,217,160,202,440.305911441,191.270060688,13,438.929290771,195.265060425,192.141815186,120.7733078  ,120.627670288 ,0.777758371099,1,10,0.00731287929872  ,0.204429411466,0.372572309333,-2.39675443893  ,0.105625          ,0.204429411466,0.377281738596,14.2161326341
0,10452.0,29397.5,0.355540437112,1382.21946692,184,253,244,347.250382702,227.694699579,13,348.191009521,223.716339111,208.321121216,128.190109253,23.7535266876 ,0.788255102494,1,13,-0.0781297979546  ,0.19512943867 ,0.351763877139,-22.391988113   ,-0.159927029492   ,0.19512943867 ,0.380504163223,-29.9296832035
0,9251.0 ,27359.0,0.338133703717,1305.35951436,240,192,233,380.633985515,186.323424495,11,384.712158203,185.77130127 ,198.345214844,139.963729858,106.935180664 ,0.708553392169,1,13,0.0084954000122   ,0.175758337976,0.340348726758,5.45961692796   ,0.116185897436    ,0.175758337976,0.359801778641,24.0062860539
0,8829.0 ,23580.5,0.37441954157 ,1158.07019126,181,217,197,442.977460641,213.455430966,14,437.97467041 ,216.845367432,195.929946899,118.220993042,148.381362915 ,0.797450789138,1,11,0.0209508758389   ,0.192399607271,0.317074835115,3.62720526148   ,-0.00879765395894 ,0.192399607271,0.315748809151,0.124523806637
0,10684.0,30760.0,0.34733420026 ,1365.00626385,232,209,222,424.761044553,256.492137776,11,437.599060059,255.800216675,186.420791626,159.169387817,73.7970352173 ,0.520571979699,1,11,-0.117262498679   ,0.204656400336,0.338355506018,-27.0333601563  ,-0.354066985646   ,0.204656400336,0.473768530779,-47.9987017642
0,10931.0,31371.0,0.348442829365,1397.53317523,204,194,174,444.718141067,242.750800476,9 ,455.110229492,237.995727539,178.350326538,165.912567139,54.9100151062 ,0.366895406381,1,13,-0.0869308460808  ,0.235400399296,0.384337715395,-24.2455907197  ,-0.27121332276    ,0.235400399296,0.463860623568,-41.625646686
0,7632.0 ,19194.5,0.397613899815,1045.50164974,144,217,191,371.670990566,217.141378407,12,375.233947754,214.850021362,199.177810669,107.461784363,157.841308594 ,0.841968370576,1,10,-0.0168600073424  ,0.247916666667,0.382118561105,-8.54147887039  ,-0.0635944700461  ,0.247916666667,0.389795093076,-14.2044943033
0,9375.0 ,31551.0,0.297137967101,1465.6509254 ,203,246,150,365.043093333,209.827413333,11,352.975219727,215.172058105,194.318939209,161.046783447,8.47475624084 ,0.559581189011,2,15,-0.00286959349593 ,0.201656188287,0.296342900688,5.21989130818   ,-0.0143631436314  ,0.201656188287,0.295786669355,1.93782937047
0,4830.0 ,13678.0,0.353121801433,932.028561115,130,147,145,430.348033126,174.537060041,12,432.783508301,165.742385864,137.419006348,99.5084533691,24.4362163544 ,0.689669396155,1,11,0.0345749291623   ,0.249468647295,0.354583303986,3.70813402314   ,0.255411255411    ,0.249468647295,0.421020032596,41.7798455227
0,8979.0 ,22872.0,0.392576075551,1195.4011445 ,198,223,158,433.968704756,268.938189108,10,430.129211426,274.60546875 ,222.381378174,124.194076538,39.8449745178 ,0.829522453467,1,13,0.0221443457754   ,0.166266008064,0.312467365148,6.65210400401   ,-0.255605381166   ,0.166266008064,0.384838373821,-43.9493425357
0,9798.0 ,32102.5,0.30520987462 ,1451.40828478,237,210,186,410.122065728,249.246478873,10,417.418273926,259.085601807,194.794128418,162.859161377,84.9944000244 ,0.548641286572,1,13,-0.0219032141567  ,0.189018564487,0.303872362491,-6.50237840975  ,-0.223076923077   ,0.189018564487,0.371589304372,-39.3092966619
0,7617.0 ,19565.5,0.38930771    ,1058.83260298,147,221,218,375.816463174,201.004594985,12,380.173187256,199.302871704,196.438095093,110.722244263,5.90737962723 ,0.826014033001,1,10,-0.0330108824213  ,0.235555001835,0.359883911099,-9.0367000534   ,-0.00588235294118 ,0.235555001835,0.356459255256,-4.41271730783
0,4962.0 ,14016.5,0.354011343773,917.259009123,136,139,125,430.376864168,252.213422007,10,437.267028809,256.751556396,138.430999756,100.961387634,128.318222046 ,0.684165879209,1,11,0.017885966043    ,0.223678566733,0.348560011648,11.7387816267   ,-0.307390451275   ,0.223678566733,0.446276529428,-44.0858588518
0,8757.0 ,22765.5,0.384661000198,1194.91586328,221,180,211,404.837158844,274.257508279,12,399.182250977,277.042388916,223.937789917,122.959571838,68.4602813721 ,0.835770353981,1,13,-0.018654868535   ,0.177692821627,0.319998741374,-0.106119929676 ,-0.392307692308   ,0.177692821627,0.477742378768,-54.2925061489
0,9059.0 ,27629.5,0.327874192439,1312.3889519 ,196,245,232,373.512197814,227.829451374,11,374.314666748,221.820632935,201.320800781,139.996185303,28.0930461884 ,0.718633930524,1,12,-0.0347097222817  ,0.188350340136,0.301591433217,-11.727121819   ,-0.119727891156   ,0.188350340136,0.322978681736,-28.4210626563
0,12070.0,37251.5,0.324013798102,1516.98901892,281,224,275,376.225352113,255.941176471,11,362.712127686,259.871124268,222.734283447,168.882659912,100.736358643 ,0.651993202709,1,14,-0.0375712785114  ,0.212760549059,0.312521319328,-2.92510746292  ,-0.256058673469   ,0.212760549059,0.401546291086,-46.1348693844
0,4884.0 ,13805.5,0.353772047372,900.423441768,124,166,165,400.368345618,268.362203112,10,401.567260742,275.023071289,131.593734741,102.894073486,177.453872681 ,0.623394987961,3,11,-0.00548508530436 ,0.190885883884,0.317786447291,15.4236999556   ,-0.375136911281   ,0.190885883884,0.458398092644,-50.8498196193
0,9317.0 ,27720.5,0.33610504861 ,1316.50373769,197,211,167,404.529891596,248.891166685,11,403.908294678,249.715774536,203.668899536,138.925140381,144.174179077 ,0.731247073042,1,12,-0.00683491302738 ,0.22544002403 ,0.355393682894,-5.52668671366  ,-0.205371248025   ,0.22544002403 ,0.41757342323 ,-33.4578799872
0,13459.0,36681.5,0.366915202486,1676.67739856,265,189,263,353.002526191,188.346385318,14,357.927368164,192.784515381,242.048553467,147.925445557,70.839881897  ,0.791522863085,1,14,-0.0257560867509  ,0.239624003337,0.338917171374,-3.00267146223  ,0.072940287226    ,0.239624003337,0.351160180953,18.5831073882
0,12279.0,39070.0,0.314282057845,1549.63368046,226,280,279,449.421206939,227.863018161,13,460.543487549,240.160064697,223.108505249,178.294448853,173.416992188 ,0.601147830009,1,14,0.0306332281263   ,0.18610695761 ,0.316932466465,14.6272125836   ,-0.0438775510204  ,0.18610695761 ,0.316295143737,-6.77651170091
0,10666.0,28965.5,0.368231171566,1382.83974326,181,248,240,369.698481155,263.767579224,13,368.721160889,261.079162598,202.735855103,131.413497925,167.161758423 ,0.761469640954,1,11,-0.0467582949191  ,0.225969139395,0.387219396612,-13.677077501   ,-0.275659824047   ,0.225969139395,0.465874987542,-39.5205247059
0,8557.0 ,21983.5,0.389246480315,1100.33007681,161,210,187,390.228935375,179.23290873 ,12,397.217163086,180.998855591,189.509994507,120.588554382,36.3671836853 ,0.771427150237,1,10,0.0401567082366   ,0.229761330123,0.368929249008,10.3279087222   ,0.172380952381    ,0.229761330123,0.407070575659,29.18476791
0,10145.0,28406.5,0.357136570855,1251.28339434,201,235,221,356.369344505,217.18777723 ,11,350.529174805,226.394241333,180.56237793 ,153.550323486,177.31451416  ,0.526136020363,1,9 ,0.0414609905775   ,0.264702444734,0.408655351221,13.0761840996   ,-0.00189125295508 ,0.264702444734,0.402211323633,8.32235260667
0,9765.0 ,32068.0,0.304509168018,1447.30777955,208,246,159,440.849974398,221.952073733,10,451.780517578,221.104385376,191.584350586,164.656616211,8.67329692841 ,0.511224673797,1,13,-0.0320897565587  ,0.167732959761,0.274978161672,-14.4888251473  ,-0.0928705440901  ,0.167732959761,0.291874498517,-27.0205246687
0,9306.0 ,27421.5,0.339368743504,1295.81744599,195,207,166,403.331076725,252.16870836 ,12,401.786132812,251.792861938,199.327911377,141.95980835 ,143.441482544 ,0.701984397471,2,13,-0.0393187630314  ,0.229716401075,0.365384715292,-10.4098605897  ,-0.257525083612   ,0.229716401075,0.448165113491,-38.3295539128
0,9129.0 ,27263.0,0.33484942963 ,1313.56052482,199,237,217,370.709059043,228.471793187,10,370.441589355,226.516952515,197.67149353 ,140.189056396,29.4031505585 ,0.705005143002,2,13,-0.0278697463729  ,0.207463880573,0.315526669234,-9.65338430759  ,-0.11846802986    ,0.207463880573,0.335624188584,-26.0780271506
0,8838.0 ,22696.0,0.389407825167,1174.65597773,222,167,219,397.943086671,274.601606698,10,396.232910156,277.511016846,220.254608154,126.828735352,80.1747970581 ,0.817570974424,1,12,0.00859245527953  ,0.198155470474,0.327929303084,10.2295768854   ,-0.39620758483    ,0.198155470474,0.482097593979,-51.7208946136
0,9884.0 ,30328.0,0.325903455553,1430.94738877,217,194,191,419.10805342 ,245.763456091,11,425.048126221,253.242736816,188.178924561,158.223068237,50.6712532043 ,0.541327484881,1,12,-0.0192605356152  ,0.204384065607,0.336669899475,-6.31609242125  ,-0.219072164948   ,0.204384065607,0.395471232276,-35.9765086089
0,9683.0 ,31016.0,0.312193706474,1397.29053462,238,203,227,385.182588041,249.843643499,14,383.889770508,260.587280273,192.648895264,159.687347412,103.831642151 ,0.55939159316 ,2,12,-0.00898040969335 ,0.206710495827,0.311442990061,6.65760384777   ,-0.220032840722   ,0.206710495827,0.367510004666,-37.709659338
0,9203.0 ,32171.0,0.286065089677,1579.7341857 ,205,246,160,364.896555471,211.224274693,13,353.630126953,218.501144409,197.776519775,161.104431152,5.90881204605 ,0.580053826093,2,16,-0.00620213539417 ,0.179205216751,0.266459361875,1.63701455994   ,-0.0233739837398  ,0.179205216751,0.266861354991,-3.88620281463
0,4954.0 ,13941.0,0.355354709131,917.092488527,134,156,154,422.386354461,259.945498587,11,428.510467529,265.709381104,137.348358154,101.229621887,145.563720703 ,0.675861923024,1,11,-0.00850787619056 ,0.205979406743,0.305500658987,13.3378730132   ,-0.347902097902   ,0.205979406743,0.439722515139,-55.8932459359
0,10772.0,30197.5,0.35671827138 ,1390.92300355,253,164,253,374.664964723,166.784998143,10,378.154846191,166.229217529,204.714004517,137.798568726,89.7451171875 ,0.739526703974,1,14,-0.0426872935511  ,0.256914113027,0.365125785496,-13.4309116204  ,0.202526132404    ,0.256914113027,0.397090781215,31.276431338
0,11204.0,30966.0,0.361816185494,1423.39103985,258,170,253,379.418689754,166.594341307,12,382.665008545,166.379547119,208.257873535,135.958953857,104.800453186 ,0.757496312568,1,12,-0.0249352472156  ,0.266743339634,0.362896488022,-9.85825439335  ,0.212745098039    ,0.266743339634,0.411995468245,32.7898968278
0,12690.0,39974.0,0.317456346625,1649.61643553,222,259,258,446.170843184,206.468873128,15,460.718994141,214.156661987,230.436920166,177.385879517,149.103271484 ,0.638308521596,1,15,0.0316687508177   ,0.216970729595,0.324778129901,9.32296004608   ,0.0337194337194   ,0.216970729595,0.325001112298,9.96979264086
0,10144.0,29021.5,0.349533966197,1241.85193586,184,220,194,358.707807571,198.484128549,9 ,349.946960449,205.935073853,183.750869751,154.368301392,21.2936038971 ,0.542438332251,1,9 ,0.0688672509798   ,0.236185641735,0.400896274029,29.7552757575   ,0.107575757576    ,0.236185641735,0.41541143456 ,32.8235638084
0,10888.0,30566.0,0.356212785448,1429.08952415,233,215,232,400.116274798,270.951047024,10,400.044799805,269.074249268,209.840896606,132.812866211,128.037368774 ,0.774215774938,1,13,-0.0259879744847  ,0.246170741369,0.342917740068,0.28743274326   ,-0.32343470483    ,0.246170741369,0.460361332927,-46.1327463965
0,8599.0 ,23440.0,0.366851535836,1203.42552972,171,242,188,361.629259216,171.773113153,11,362.629882812,166.995697021,221.485229492,124.232566833,27.5400505066 ,0.827878967269,2,11,-0.0339954001955  ,0.201154035504,0.335971013507,-9.40331916621  ,0.111570247934    ,0.201154035504,0.339228745597,23.4865832074
0,10162.0,28462.0,0.357037453447,1256.11182141,200,234,222,355.673784688,216.709112379,9 ,349.822998047,225.732116699,180.786315918,153.535308838,178.855209351 ,0.527968434056,1,9 ,0.040067431821    ,0.267427179689,0.409066543255,13.0345569499   ,-0.0014245014245  ,0.267427179689,0.402893465825,8.49274339917
0,11275.0,31935.5,0.353055377245,1440.43772233,249,196,228,454.401685144,238.819157428,12,453.256530762,240.001876831,209.020095825,139.112091064,64.9634857178 ,0.746358529192,1,11,0.0505615638717   ,0.261555927398,0.38805279221 ,8.27177218701   ,-0.111781076067   ,0.261555927398,0.396290259003,-15.3381930706
0,4596.0 ,13405.5,0.342844354929,874.825462699,167,128,164,351.31875544 ,212.667754569,10,342.907806396,215.78213501 ,133.242935181,100.835334778,80.9544448853 ,0.653671869954,1,11,-0.0544422583373  ,0.171499038477,0.31434117716 ,-17.0791167717  ,-0.0987215909091  ,0.171499038477,0.326079825019,-25.4707882827
0,9359.0 ,27660.0,0.338358640636,1311.98693097,200,236,215,432.726573352,197.131744845,13,432.336151123,198.831970215,201.078491211,139.346740723,31.4501247406 ,0.720940708894,1,13,-0.00791633540451 ,0.273392415363,0.364121847253,-2.35079083685  ,0.0338983050847   ,0.273392415363,0.363464294584,4.51212018296
0,8065.0 ,20749.0,0.388693431009,1087.30063927,157,217,185,435.929324241,213.694606324,12,431.75479126 ,216.348388672,202.718490601,116.589080811,155.218536377 ,0.818063432363,1,11,0.00194414309167  ,0.226445093086,0.35316825487 ,0.480201112025  ,-0.0289065772937  ,0.226445093086,0.353347455899,-4.07949838014
0,13774.0,38139.5,0.361147891294,1705.02054441,205,252,247,382.433933498,260.321910847,12,387.782409668,255.567871094,255.297958374,147.230392456,158.210540771 ,0.816955836966,1,14,-0.0420899229446  ,0.222602044249,0.348380375022,-17.8081594001  ,-0.253684807256   ,0.222602044249,0.442340883933,-45.8762151182
0,4913.0 ,14024.0,0.350328009127,925.293498993,132,166,165,410.21555058 ,262.827396703,12,415.33996582 ,270.123443604,140.993255615,100.424613953,153.206756592 ,0.701910276956,1,10,-0.014292790948   ,0.187552196091,0.29112711812 ,13.5731872857   ,-0.350602409639   ,0.187552196091,0.429601982345,-56.3148243279
0,9891.0 ,30919.0,0.319900384877,1432.98901892,204,191,177,424.388737236,244.568294409,13,432.121612549,250.249908447,191.106994629,160.935745239,37.2206993103 ,0.53928427978 ,2,12,0.00341166357273  ,0.173837805941,0.327641172604,-0.955394942865 ,-0.193280977312   ,0.173837805941,0.36845789752 ,-33.3754205335
0,9900.0 ,31782.0,0.311497073815,1474.663118  ,232,212,185,412.928484848,250.186161616,11,419.52255249 ,259.663574219,190.433639526,162.934646606,74.4739990234 ,0.517640814677,1,12,-0.0132728225653  ,0.199969087426,0.321766855778,-3.96939200459  ,-0.216981132075   ,0.199969087426,0.378897097227,-35.3460503346
0,9854.0 ,32124.5,0.306744073838,1471.30777955,246,204,150,400.703572153,250.331743454,11,404.547637939,260.713562012,195.268432617,161.57359314 ,105.447120667 ,0.561548994142,1,12,-0.0110372052887  ,0.204205382322,0.316010895971,3.38880252844   ,-0.223447712418   ,0.204205382322,0.375438594581,-35.1977898139
0,12189.0,38696.5,0.314989727753,1545.80020106,223,271,266,441.501517762,247.061202724,11,445.132171631,261.650177002,222.608566284,175.353439331,14.1016941071 ,0.61603218112 ,1,13,0.00902515907152  ,0.213693853825,0.328895500952,8.48651277206   ,-0.138802157252   ,0.213693853825,0.350649388935,-26.2854285897
0,9171.0 ,23591.0,0.388749947014,1210.88137341,248,177,188,448.770145022,175.370842874,11,457.782531738,177.788513184,231.535354614,127.921195984,116.805549622 ,0.833518873335,1,12,-0.0567560666237  ,0.21001344086 ,0.313039310806,-21.7391946252  ,0.121939736347    ,0.21001344086 ,0.31504501489 ,19.5435153099
0,8643.0 ,22075.0,0.391528878822,1121.88642573,157,219,210,380.445794284,184.243318292,13,387.261444092,184.077758789,191.949462891,117.052391052,21.3770046234 ,0.792548887701,1,12,0.00111104243041  ,0.230245847738,0.352613796749,0.74876191995   ,0.10502283105     ,0.230245847738,0.363307350225,18.5394172127
0,11509.0,31724.0,0.362785272979,1431.23165953,229,214,217,402.907637501,166.122165262,12,404.851837158,168.706481934,210.168289185,137.214874268,125.041648865 ,0.757460528951,1,13,0.0217786299086   ,0.251838398557,0.365427953118,2.37596316868   ,0.212796549245    ,0.251838398557,0.415728230876,33.2312539597
0,8868.0 ,22770.5,0.389451263696,1119.09962881,163,205,181,418.146143437,253.491768155,12,413.296417236,250.35067749 ,188.806900024,122.625579834,38.2499351501 ,0.76038195767 ,1,9 ,-0.0680618355575  ,0.201190281825,0.339716607248,-12.6199197221  ,-0.294850948509   ,0.201190281825,0.439136964884,-42.2160207632
0,9547.0 ,27213.5,0.350818527569,1297.90070629,164,214,201,399.404420237,250.661988059,10,398.688262939,249.574356079,200.954605103,139.067596436,156.891220093 ,0.721864060647,1,14,-0.0599907100043  ,0.279969007175,0.374046566771,-8.9009113091   ,-0.264018691589   ,0.279969007175,0.450078017081,-38.9917808109
0,11960.0,37306.5,0.32058756517 ,1521.3494097 ,277,208,276,395.149916388,261.284866221,11,385.838623047,271.393432617,224.038497925,167.974639893,79.9559249878 ,0.661712210931,1,14,-0.0236991321805  ,0.212996389892,0.32893638675 ,1.20014082545   ,-0.284684065934   ,0.212996389892,0.425841320139,-44.8191998395
0,4932.0 ,13607.5,0.362447179864,895.00922823 ,170,123,170,453.071167883,222.163017032,11,462.052337646,220.294799805,136.628875732,99.7612304688,84.0809020996 ,0.683273933926,1,11,0.0538013210258   ,0.194766579492,0.335650622031,11.9152309508   ,-0.0694752402069  ,0.194766579492,0.337923741519,-17.5795416516
0,12102.0,37065.5,0.326503082381,1507.33216476,234,210,229,413.190133862,260.243678731,10,406.953338623,273.363006592,221.023544312,171.242538452,55.8199157715 ,0.632242482402,1,14,-0.0155062917582  ,0.203791127068,0.331698765878,6.21821599081   ,-0.269047619048   ,0.203791127068,0.410467217972,-45.2763755319
0,8876.0 ,23835.0,0.372393538913,1190.22957158,198,225,158,434.028729157,264.68364128 ,11,429.308349609,271.693267822,223.755386353,127.263687134,40.2635765076 ,0.822501760719,1,11,0.0151596178095   ,0.158389013243,0.320700700014,4.1689769769    ,-0.241212121212   ,0.158389013243,0.383355591774,-42.4954854159
0,9334.0 ,27202.0,0.343136534078,1292.42047739,205,209,178,398.678380116,180.087958003,13,401.197479248,181.532241821,198.564193726,138.580703735,140.84765625  ,0.716181707497,1,13,0.018455448671    ,0.205883069462,0.360079346597,1.91940575941   ,0.147221199853    ,0.205883069462,0.38647922875 ,20.5433699094
0,8878.0 ,23067.5,0.384870488783,1225.32502449,200,180,170,440.486821356,205.701847263,13,437.479309082,211.957305908,194.373748779,119.715782166,131.82862854  ,0.787820356565,1,13,-0.0114854639241  ,0.217120453325,0.350529048839,0.830432494157  ,-0.0042735042735  ,0.217120453325,0.350490684999,1.65923814211
0,8982.0 ,23169.0,0.387673183996,1214.27120173,216,183,211,404.37831218 ,154.165330661,11,411.832366943,151.131652832,226.832550049,123.309906006,68.0260543823 ,0.839333755638,1,13,0.0135137867159   ,0.184607661033,0.3555572863  ,5.34874849028   ,0.302227826818    ,0.184607661033,0.4413979145  ,40.4821442723
0,11168.0,31202.0,0.357925773989,1428.31997216,220,223,217,413.249462751,157.743911175,11,414.995178223,159.688415527,209.10609436 ,137.919586182,133.545791626 ,0.751645327598,1,12,0.0123045344161   ,0.260037471781,0.377397771839,-3.8773261636   ,0.233183856502    ,0.260037471781,0.432694561755,34.6459274489
0,4714.0 ,13349.5,0.353121839769,878.548332214,129,146,138,372.362537123,168.708739924,12,364.253387451,162.103790283,135.94569397 ,98.4042129517,138.387924194 ,0.689957972758,1,11,-0.0300148573101  ,0.243384451814,0.361970296081,-17.8284691358  ,0.232254047323    ,0.243384451814,0.401208231212,36.3625024583
0,8843.0 ,22572.0,0.391768562821,1172.11182141,224,164,216,393.983037431,274.510799502,11,389.104034424,276.742614746,220.295516968,123.827194214,79.8221206665 ,0.827072103156,2,12,0.0153097530636   ,0.200508212374,0.32626287639 ,10.5129707626   ,-0.396341463415   ,0.200508212374,0.482129894162,-52.6288955245
0,9869.0 ,30593.5,0.322584862798,1409.08952415,204,189,175,423.200830885,244.147127369,10,429.954559326,250.191162109,191.333343506,159.261154175,37.7714767456 ,0.554212338974,1,13,0.00199945290633  ,0.167647998738,0.31356099621 ,-0.712245301666 ,-0.194546194546   ,0.167647998738,0.359226913027,-35.4224330382
0,9303.0 ,26909.5,0.345714338802,1296.73923802,231,171,228,374.462216489,195.731054499,10,378.36114502 ,195.128967285,199.644454956,137.910995483,93.2984237671 ,0.723062132337,1,13,0.0119224959429   ,0.20494912304 ,0.375288880366,5.04703169793   ,0.0778227620333   ,0.20494912304 ,0.382658698408,18.3695637649
0,9727.0 ,31635.5,0.307471037284,1449.95958138,203,203,198,426.921969775,242.282204174,9 ,437.108764648,246.75088501 ,191.860473633,164.161941528,33.8112030029 ,0.517584826136,4,13,-0.00505166568347 ,0.173461883033,0.303659516356,-3.33402767732  ,-0.178855627131   ,0.173461883033,0.34566436259 ,-36.0729389473
0,9299.0 ,27324.5,0.340317297663,1313.83469093,208,207,186,369.598343908,216.366060867,14,372.202911377,212.109481812,198.12387085 ,140.540557861,49.7644386292 ,0.704849362336,1,13,-0.0112379073698  ,0.20598806196 ,0.328327622777,-5.26592713101  ,-0.0564845782237  ,0.20598806196 ,0.331910905349,-12.0764075356
0,10743.0,30852.5,0.348205169759,1370.07733154,199,212,185,445.440007447,238.106767197,10,454.146697998,231.844604492,180.942153931,161.570144653,30.2118625641 ,0.450179447154,1,12,-0.0914775132205  ,0.245393634841,0.382960685833,-28.3509248951  ,-0.23820754717    ,0.245393634841,0.453259944228,-41.7011818023
0,9330.0 ,29970.0,0.311311311311,1468.94738877,263,156,217,422.325080386,347.220900322,8 ,426.036773682,359.266815186,232.575210571,135.145767212,79.3235092163 ,0.813843484513,3,11,0.0550290813153   ,0.152894946556,0.388151070809,32.0535974598   ,-0.843822843823   ,0.152894946556,0.866404786371,-80.2622060938
0,9074.0 ,23614.0,0.384263572457,1234.82249832,258,151,212,441.222063037,168.798545294,10,446.118865967,167.973800659,226.508300781,126.243041992,106.444915771 ,0.830281679688,1,12,-0.049899258537   ,0.209768774572,0.315745006872,-12.2772622309  ,0.203090507726    ,0.209768774572,0.371148946926,34.9362199768
0,10556.0,30156.5,0.350040621425,1341.50879002,213,197,191,425.067544524,174.66767715 ,10,417.753234863,164.374053955,181.494857788,159.193817139,121.20728302  ,0.480260742913,1,11,0.0144644433109   ,0.243133707801,0.391643343301,-0.920055833876 ,0.178587909552    ,0.243133707801,0.411983128238,24.51960292
0,10517.0,29062.0,0.361881494735,1356.59710264,172,250,250,363.599125226,249.388038414,11,362.202331543,245.711791992,204.433944702,131.019638062,175.60585022  ,0.767632863609,1,13,-0.062447846344   ,0.216012689567,0.364512808109,-16.8966604991  ,-0.232            ,0.216012689567,0.427408448515,-38.000271606
0,9353.0 ,26795.0,0.349057660011,1265.66103005,240,192,229,379.257992088,193.175558644,12,380.743408203,193.261383057,203.503631592,136.138183594,107.648750305 ,0.743287816218,1,12,0.032164367939    ,0.173084727717,0.353349364316,8.44167138814   ,0.104166666667    ,0.173084727717,0.367992752892,23.2848962319
0,12458.0,32335.5,0.385273151799,1583.03778934,199,242,242,372.436827741,282.852143201,12,374.710266113,280.825958252,244.70866394 ,127.095672607,149.678955078 ,0.854546161001,1,13,-0.0371653332438  ,0.222047478833,0.351733723398,-13.9597804245  ,-0.350603941513   ,0.222047478833,0.50044964688 ,-53.2448369251
0,9159.0 ,27528.0,0.332715780296,1307.31788421,194,245,232,434.634676275,201.17370892 ,11,435.301086426,204.092788696,201.596038818,139.16418457 ,25.8080368042 ,0.723511718571,1,11,0.0326199621974   ,0.211637617748,0.334182785693,6.46276421877   ,0.056400742115    ,0.211637617748,0.336294693598,10.9453598772
0,8771.0 ,23339.5,0.375800681249,1229.28339434,165,211,195,419.63094288 ,250.418538365,12,414.199523926,247.481719971,189.426712036,123.332015991,31.8700447083 ,0.759008785499,1,10,-0.073845789739   ,0.17696969697 ,0.309330389527,-11.9109932925  ,-0.279620853081   ,0.17696969697 ,0.405012482265,-46.5664271388
0,12230.0,38568.5,0.317098150045,1552.76362324,218,283,280,446.973998365,221.779313164,13,457.964813232,232.331680298,226.732650757,175.9400177  ,165.893753052 ,0.630757429145,1,13,0.0171598453755   ,0.206041635531,0.32793393736 ,10.7731960671   ,-0.0350638760533  ,0.206041635531,0.327752691766,-3.64080097505
0,12067.0,37013.0,0.326020587361,1506.17783678,282,219,281,385.796884064,259.601475097,12,374.260406494,266.540985107,220.655609131,167.858169556,91.6708374023 ,0.649074686052,1,14,-0.0321524294314  ,0.21251266464 ,0.313128496367,-1.70617246976  ,-0.272341813438   ,0.21251266464 ,0.409999535867,-46.1389111015
0,9523.0 ,30015.5,0.317269410804,1411.08952415,194,202,168,436.577969127,194.395568623,10,443.074371338,187.235031128,192.333053589,155.292755127,120.443099976 ,0.589982755723,1,13,-0.0353608560155  ,0.198484523841,0.311310121774,-17.8989486749  ,0.0270373191165   ,0.198484523841,0.302653972677,-2.85960988081
0,12288.0,38954.5,0.315444942176,1571.00626385,222,272,272,448.483642578,216.432698568,13,461.160339355,224.586196899,228.993499756,176.635910034,156.917160034 ,0.636401780517,1,13,0.0332650117025   ,0.228846475306,0.348606708896,7.10108849653   ,-0.00141402714932 ,0.228846475306,0.348239339248,-1.89220624098
0,9199.0 ,26543.0,0.346569717063,1274.78800845,220,156,207,371.655071203,202.329601044,12,373.431030273,200.507675171,197.856658936,139.44593811 ,75.3124008179 ,0.709423309882,1,13,0.0233159830211   ,0.235652172591,0.414496337677,1.86327899138   ,0.0532544378698   ,0.235652172591,0.415758318987,4.27770674008
0,12047.0,37545.0,0.320868291384,1519.59205031,209,255,254,357.125093384,221.597908193,13,346.101715088,215.330169678,227.277297974,166.465545654,155.620132446 ,0.680838393317,1,13,-0.0625119739041  ,0.236612037768,0.362493798894,-15.7974448301  ,-0.1197586727     ,0.236612037768,0.383589585703,-32.4984002801
0,12222.0,38102.0,0.320770563225,1569.17278445,223,285,283,364.838160694,185.244640812,12,361.013153076,173.087661743,225.456207275,168.067611694,17.8714046478 ,0.666555188988,1,13,-0.0261321644935  ,0.190131356837,0.318219167255,-15.8213853249  ,0.0502024291498   ,0.190131356837,0.314505238875,4.64424944899
0,12454.0,39545.5,0.314928373646,1587.14839923,224,261,261,453.415689738,215.922354264,12,465.625579834,221.174575806,228.537734985,178.033126831,152.783447266 ,0.627011793125,1,13,0.0265224301291   ,0.229823856186,0.343657813531,5.5361646635    ,-0.00766283524904 ,0.229823856186,0.343914773293,-2.95709042862
0,11029.0,30520.0,0.361369593709,1405.1311543 ,226,210,213,407.887115786,265.650104271,10,406.050537109,264.089202881,205.50062561 ,134.953292847,126.373161316 ,0.754147541388,1,10,-0.0249995034735  ,0.28185840708 ,0.39085446791 ,-0.693260268838 ,-0.304285714286   ,0.28185840708 ,0.48417314192 ,-39.6570501202
0,9659.0 ,32427.5,0.297864466888,1471.44991493,243,208,165,414.232839838,181.847706802,10,412.799163818,171.523269653,193.032806396,165.446502686,109.514472961 ,0.515166576744,1,12,-0.0480078198624  ,0.190329218107,0.283369535335,-19.649990638   ,0.0729166666667   ,0.190329218107,0.28010827113 ,19.3623342356
0,10867.0,31286.0,0.347343859873,1381.7341857 ,210,194,180,440.343701113,243.127174013,9 ,450.614868164,238.570236206,180.146331787,164.738677979,55.581577301  ,0.404650416598,1,11,-0.15820107116    ,0.220359784996,0.369680325644,-37.2135511228  ,-0.344423617619   ,0.220359784996,0.484625555754,-51.3429890835
1,19262.0,48155.0,0.4           ,2059.97386193,255,265,248,384.377998131,210.338126882,12,377.004150391,211.085845947,240.073852539,186.603103638,51.0846672058 ,0.629162552585,1,20,0.0256155731394   ,0.207450980392,0.326704978641,2.89613176487   ,0.0130188679245   ,0.207450980392,0.326263971096,0.998639003417
1,21812.0,49394.5,0.441587626153,2096.90279424,242,312,300,390.593526499,213.046213094,17,392.831939697,209.826416016,253.813659668,173.856414795,20.5827655792 ,0.728565077924,1,23,-0.00249959571414 ,0.216027034405,0.326089020456,-2.7142263587   ,-0.021878483835   ,0.216027034405,0.327094875073,-5.33546603487
1,23153.0,55641.0,0.416114016642,2172.14038253,295,262,258,410.962251112,214.228134583,14,415.823760986,212.477981567,246.126937866,197.004302979,113.984481812 ,0.599442958285,1,20,0.00487837627096  ,0.240025592466,0.348744370841,-2.77858921093  ,-0.0227099236641  ,0.240025592466,0.35104382919 ,-7.25877096815
1,15128.0,39704.5,0.381014746439,2150.91880536,269,201,245,383.371628768,229.966882602,11,382.521057129,240.458282471,232.044067383,168.812240601,114.056388855 ,0.686106851321,1,19,-0.00435434159881 ,0.250904251373,0.386202898898,3.19844188285   ,-0.11861743912    ,0.250904251373,0.395607706983,-12.1256050484
1,23699.0,55971.5,0.423411914992,2149.00329947,259,318,309,398.122199249,211.408920208,13,395.999420166,206.992324829,251.232345581,195.06187439 ,3.15726423264 ,0.630215545313,2,21,0.0298872902605   ,0.200104173147,0.346497291624,8.6146105816    ,0.0160227613058   ,0.200104173147,0.345096849548,6.88230531002
1,20856.0,54852.5,0.380219680051,1971.05503428,289,328,302,415.604382432,197.71327196 ,10,419.864837646,193.892990112,264.777770996,201.048248291,145.21321106  ,0.650729780577,1,12,-0.0976729513411  ,0.191464821223,0.331415169992,-23.5260534976  ,-0.0693597560976  ,0.191464821223,0.323308242318,-19.2174001907
1,16271.0,50689.5,0.32099349964 ,2493.76435316,296,255,286,421.662344048,193.035277488,12,426.108825684,192.897018433,256.16583252 ,198.378417969,137.587844849 ,0.632679137031,1,19,-0.0132775495844  ,0.24762382794 ,0.327278624401,-2.73903049746  ,0.0414860681115   ,0.24762382794 ,0.329876644718,7.54452332606
1,19502.0,58373.0,0.334092816885,2242.60127854,312,294,293,392.099476977,203.945031279,12,389.800384521,204.405288696,258.828735352,199.063186646,126.822341919 ,0.639137730408,1,20,-0.032159757555   ,0.213621794872,0.345809136606,-6.58937732188  ,-0.021768707483   ,0.213621794872,0.344783749025,-5.06105821085
1,20897.0,50511.5,0.413707769518,2025.72111666,238,262,260,406.302914294,239.276116189,13,402.7237854  ,246.955657959,250.024078369,201.845001221,151.619750977 ,0.590138183699,1,17,0.0425895768325   ,0.277977529833,0.392394389775,9.36413715563   ,-0.0806017063314  ,0.277977529833,0.390494333778,-11.8930641733
1,15754.0,41632.5,0.37840629316 ,2244.97730756,296,253,292,411.745842326,241.019423638,12,413.333648682,246.05406189 ,238.701873779,168.525756836,56.2754554749 ,0.708202503086,2,20,0.0075866546974   ,0.209631187618,0.318759074284,3.27935101421   ,-0.126877470356   ,0.209631187618,0.331011562388,-20.4456666333
1,15412.0,42000.5,0.366948012524,1930.97177398,303,250,298,401.573579029,186.874448482,11,401.567443848,181.032226562,231.468887329,172.40737915 ,67.1059265137 ,0.667242665866,1,21,-0.0553593489303  ,0.182934944712,0.309539279681,-15.5797095727  ,0.0251428571429   ,0.182934944712,0.298454857783,-1.82721694286
1,22111.0,48680.5,0.454206509793,2075.12104964,304,258,297,409.158789743,204.433087603,16,409.898803711,206.816558838,250.551300049,174.216812134,118.005989075 ,0.718686837343,1,24,-0.0256146475318  ,0.196733119659,0.32712430919 ,-6.31706282344  ,-0.015665374677   ,0.196733119659,0.32633985503 ,-4.88131272987
1,12263.0,41333.5,0.296684287563,1839.05333018,281,215,196,405.455271956,219.892603767,11,404.776763916,230.987503052,228.962020874,187.476531982,104.980201721 ,0.574063746395,3,14,0.0294008148651   ,0.253940010168,0.359415124372,9.1009609636    ,-0.0305647840532  ,0.253940010168,0.357408560654,-1.29696160684
1,20517.0,50390.5,0.407160079777,1980.25099242,240,322,310,397.909538432,237.16912804 ,13,390.827667236,241.215316772,254.854171753,192.558654785,1.68003964424 ,0.655074758311,1,17,0.0240911904791   ,0.243649622933,0.3477544253  ,6.5384650358    ,-0.069601753745   ,0.243649622933,0.348851430943,-10.2640408933
1,16229.0,47169.5,0.344057070777,2061.14711046,256,284,269,427.097294966,206.848974059,11,429.179931641,207.814544678,241.796676636,195.448501587,163.712005615 ,0.588746727726,1,19,0.026895942757    ,0.230939943441,0.31611056644 ,10.5578484969   ,0.0274277242402   ,0.230939943441,0.316189115459,10.6468363316
1,22211.0,48616.0,0.456866052328,2062.25099242,266,287,248,396.612354239,225.960605106,16,396.527832031,223.058364868,249.613525391,173.686248779,141.623214722 ,0.718215569779,1,21,0.003347056117    ,0.218253300624,0.330365642237,-4.13168376284  ,-0.0627177700348  ,0.218253300624,0.337887421544,-14.1526353811
1,21190.0,52342.0,0.40483741546 ,1982.96166933,266,296,264,423.376875885,207.315195847,10,433.06640625 ,208.728469849,251.538696289,206.952026367,45.8425827026 ,0.568411674257,1,18,-0.0051288428589  ,0.214443139467,0.350233507806,-4.60895750076  ,-0.00619369369369 ,0.214443139467,0.350276604341,-4.7209820491
1,23485.0,54241.5,0.432971064591,2066.31700778,283,285,274,402.673664041,208.139152651,13,406.480682373,206.136749268,244.420669556,197.546966553,49.8628883362 ,0.588873399364,1,19,0.0413008126245   ,0.246359245684,0.356402262998,10.7382023951   ,0.0373037857802   ,0.246359245684,0.355787631484,10.1822776389
1,12143.0,40329.5,0.301094732144,2126.0125308 ,271,220,227,400.977517912,210.32611381 ,10,400.406707764,200.855102539,226.555801392,181.47869873 ,83.9663696289 ,0.598620040403,1,13,-0.0411750071554  ,0.208351541893,0.3448511461  ,-14.7592825251  ,-0.0562937062937  ,0.208351541893,0.348058536935,-17.1028410077
1,22118.0,48929.0,0.45204275583 ,2068.29262257,284,260,239,393.181255086,204.755357627,17,396.678985596,204.199234009,247.223098755,176.50553894 ,54.0141639709 ,0.70019417895 ,1,22,-0.00286400912588 ,0.213028169014,0.336300151967,-1.80343346264  ,0.00576923076923  ,0.213028169014,0.336074865147,-0.60642432325
1,15277.0,43137.0,0.354150729072,2275.27428353,309,247,305,410.645414676,185.969496629,12,406.449310303,177.030578613,235.361938477,177.934463501,71.229637146  ,0.654567503371,1,18,-0.0316124742869  ,0.211487024335,0.331478786279,-9.1044282162   ,0.0535312640576   ,0.211487024335,0.326341810853,4.91812911744
1,22166.0,48550.0,0.456560247168,2068.35149765,287,272,259,417.427636921,220.637823694,14,415.381164551,220.022186279,246.665679932,175.822128296,49.7216911316 ,0.70137216404 ,1,19,0.0162768285962   ,0.20819418866 ,0.33878435724 ,4.6920994568    ,-0.0338622291022  ,0.20819418866 ,0.337623704283,-2.62469106211
1,15339.0,42231.5,0.363212294141,1768.49363303,291,195,277,428.843144925,189.00671491 ,11,430.155761719,184.430908203,254.192810059,164.402908325,97.4123306274 ,0.762689692084,1,18,-0.0241820887821  ,0.220635030517,0.361516185874,-7.86501937638  ,0.0680911680912   ,0.220635030517,0.359991183241,6.4252413957
1,21307.0,52487.5,0.405944272446,2068.22364283,288,237,281,426.132960999,217.647674473,13,434.816955566,221.486022949,252.997802734,203.686309814,71.4760894775 ,0.59315101492 ,1,17,-0.0146412345386  ,0.234871472016,0.36964658999 ,-0.461926180505 ,-0.0595681310499  ,0.234871472016,0.371352837858,-6.39341767039
1,15550.0,47517.0,0.327251299535,2040.5312866 ,260,293,293,428.448617363,213.631189711,11,434.889312744,209.408905029,246.176208496,194.550872803,177.261123657 ,0.61273153785 ,1,19,-0.00539022732143 ,0.220494551987,0.322557062754,-2.11643611123  ,-0.0280222741153  ,0.220494551987,0.323697161839,-5.62302305542
1,19297.0,58890.0,0.327678723043,2260.0916121 ,312,313,309,396.246825931,201.10250298 ,12,394.411682129,202.813110352,264.417022705,196.807052612,132.992828369 ,0.667839258979,1,21,-0.0126042046897  ,0.198375026567,0.32973646024 ,1.0064580874    ,0.0062376388255   ,0.198375026567,0.330118093959,3.73655322715
1,19544.0,59409.5,0.328970955824,2308.58403361,326,283,320,419.523331969,228.064776914,12,423.056854248,226.505691528,268.903198242,194.903747559,117.255180359 ,0.688948730826,1,19,0.00283257603849  ,0.199133032627,0.325341711656,-0.696394802102 ,-0.0716012646457  ,0.199133032627,0.330362260311,-12.8242284762
1,19157.0,58204.0,0.329135454608,2305.90488219,252,310,309,399.380957352,226.763376312,10,402.780151367,228.014648438,263.556976318,194.190261841,14.8818511963 ,0.676104633578,1,21,-0.0164315049858  ,0.22465176265 ,0.338759324059,-9.52933746543  ,-0.0801843317972  ,0.22465176265 ,0.350884038831,-18.4073987629
1,21829.0,48337.5,0.451595552108,2045.956617  ,284,212,265,410.261349581,227.118695314,17,408.765655518,225.59614563 ,246.034591675,175.276535034,80.9955368042 ,0.701767482962,1,21,0.0133631180559   ,0.235040920312,0.370766292241,1.07323769673   ,-0.0815363881402  ,0.235040920312,0.379703980275,-10.5192452358
1,22898.0,55714.5,0.410988162866,2134.29976285,259,293,282,405.253078872,218.624814394,13,407.265075684,222.169433594,249.837432861,196.088226318,19.3644523621 ,0.619668973026,2,20,-0.0512804969479  ,0.209171072923,0.348022361286,-14.7896668012  ,-0.0909556313993  ,0.209171072923,0.357315041102,-19.4263836895
1,21978.0,48197.0,0.456003485694,2068.0916121 ,304,254,296,403.101556102,228.34994085 ,15,402.255706787,225.730499268,248.912109375,174.461395264,117.133972168 ,0.713263904338,1,24,0.0186021293305   ,0.196162707265,0.32479628935 ,2.99427179779   ,-0.0654527559055  ,0.196162707265,0.329338259864,-9.12357690241
1,19385.0,48245.0,0.401803295678,2002.19211733,320,234,317,416.657725045,232.432344596,11,425.38293457 ,237.244781494,240.189117432,188.839431763,96.4100494385 ,0.617957581421,1,18,-0.0591685178694  ,0.186915086837,0.296026600622,-12.9337693896  ,-0.167853751187   ,0.186915086837,0.332945830636,-34.4311533326
1,21958.0,48528.5,0.452476379859,2069.44695055,307,243,301,402.341424538,203.356954185,14,403.042480469,205.926345825,253.350845337,172.383575439,112.684860229 ,0.732827523848,1,24,-0.0237368140524  ,0.197382892362,0.3352609159  ,-5.19457546532  ,-0.00874485596708 ,0.197382892362,0.334330658172,-3.05828857695
1,12836.0,39361.5,0.326105458379,2095.11361432,278,240,276,405.166329074,210.507790589,11,411.875946045,209.137191772,240.584701538,170.175216675,126.596839905 ,0.706873344474,2,9 ,-0.0330693910645  ,0.2565274362  ,0.379670549951,-5.83726568986  ,-0.0476851851852  ,0.2565274362  ,0.380551966535,-7.85612119707
1,15489.0,42455.5,0.364829056306,2082.66743469,307,191,301,397.220995545,241.651752857,13,397.283752441,251.456207275,246.363204956,169.530151367,94.551361084  ,0.725586498762,1,18,0.00544838610343  ,0.236880202678,0.378731132452,5.74436063952   ,-0.175974403723   ,0.236880202678,0.398250878602,-21.2076219737
1,19698.0,59442.0,0.331381851216,2318.79218435,299,239,263,418.874708092,212.086658544,12,420.711212158,209.540542603,262.225646973,199.392181396,79.1890869141 ,0.649473787968,2,20,-0.00256628224262 ,0.247491638796,0.356164623708,2.77154254161   ,-0.0238493723849  ,0.247491638796,0.356544228527,-0.884955177144
1,23512.0,55333.0,0.424918222399,2130.09875238,294,259,273,399.512036407,217.144096632,11,395.895355225,218.816757202,249.820022583,194.557052612,114.38243103  ,0.627286138016,1,21,-0.0305155305641  ,0.245640468877,0.359857573962,-4.40414498022  ,-0.0696819268248  ,0.245640468877,0.363767453165,-10.4682492399
1,21223.0,52015.0,0.408016918197,2073.15553951,333,277,311,424.625123687,226.34184611 ,13,429.54107666 ,233.633666992,252.467254639,203.605865479,102.459846497 ,0.591282582202,1,18,0.0120644263912   ,0.204245953849,0.313167453362,6.92670592174   ,-0.057761732852   ,0.204245953849,0.315112724116,-7.17905368085
1,20890.0,50633.0,0.412576777991,2055.03064907,275,335,313,388.844614648,232.51866922 ,14,380.528717041,235.628967285,246.745559692,201.713287354,10.0928926468 ,0.575935545418,1,17,0.0168248247121   ,0.197960675092,0.320119353366,5.60053161511   ,-0.0593503072871  ,0.197960675092,0.320657788522,-6.64697088897
1,19064.0,48433.0,0.393615923028,2068.54240346,272,241,240,404.725188838,235.186739404,12,408.459533691,244.152526855,240.752441406,191.762924194,130.334121704 ,0.604618804641,1,21,-0.0490176788211  ,0.190139412091,0.314518533339,-12.6408386489  ,-0.165975103734   ,0.190139412091,0.350174093392,-29.5126469514
1,22883.0,55318.0,0.413662822228,2261.99824715,299,275,289,402.106017568,222.620985011,13,399.783325195,224.995727539,253.337219238,191.198730469,57.8760871887 ,0.656046749933,7,20,-0.030105509052   ,0.232309704872,0.341127190449,-12.7835890471  ,-0.0869090909091  ,0.232309704872,0.353404221949,-20.6877250572
1,20734.0,52346.0,0.396095212624,2037.83886683,273,235,239,401.918877207,191.513504389,11,405.878997803,184.079925537,245.801193237,206.990341187,137.998916626 ,0.539314070584,1,17,-0.0356121214989  ,0.265157161395,0.404955393133,-7.8939178542   ,0.0302878598248   ,0.265157161395,0.400858018754,0.76402707473
1,19190.0,47795.0,0.401506433727,2052.76065886,262,289,286,396.350859823,231.867118291,12,395.873687744,236.671478271,243.290908813,183.910690308,145.148742676 ,0.654653433246,1,18,-0.000459798301812,0.202290076336,0.313972995284,-7.51683647362  ,-0.0865051903114  ,0.202290076336,0.328178033528,-19.0945325581
1,11991.0,40766.0,0.294142177305,1888.07817173,297,233,190,405.296138771,217.923525978,11,403.023376465,228.09185791 ,236.917129517,178.794265747,110.468986511 ,0.656104482245,3,15,0.0217032588461   ,0.237195030579,0.3116824147  ,5.77081991458   ,-0.0251788268956  ,0.237195030579,0.31156338734 ,-3.83811098528
1,14996.0,40014.0,0.374768830909,2025.69814599,310,234,300,400.687850093,241.786009603,10,406.082855225,250.611968994,232.934341431,172.360595703,79.5277481079 ,0.672657956   ,1,18,0.0154672775038   ,0.220362777744,0.337761655594,6.69099357284   ,-0.133190883191   ,0.220362777744,0.347909367657,-18.7661386686
1,19234.0,59892.0,0.321144727176,2258.36577821,293,248,268,391.037121764,211.712748258,12,391.085388184,213.607284546,256.29196167 ,204.218078613,88.046295166  ,0.604219237093,1,20,-0.0203114989585  ,0.271514376029,0.37822477894 ,-7.07615660912  ,-0.039314516129   ,0.271514376029,0.380444864757,-10.0629336418
1,21413.0,54362.0,0.3938964718  ,1953.73122132,262,316,299,409.447064867,194.824685938,12,413.341674805,190.064071655,256.516571045,206.976791382,142.026794434 ,0.590722304105,1,16,-0.0521766267771  ,0.249284351145,0.356903706974,-8.06784561269  ,-0.0136471518987  ,0.249284351145,0.353331129463,-2.52033494366
1,19164.0,47631.0,0.402343011904,2029.24594009,301,241,294,400.744729702,196.413327072,11,396.404663086,191.53125    ,238.472610474,182.932662964,107.688285828 ,0.641525922294,1,20,-0.0242185598689  ,0.175415282392,0.303791811444,-5.13922852603  ,0.0197095435685   ,0.175415282392,0.302875364019,2.76802835375
1,23186.0,55036.5,0.421284056944,2125.81448162,291,271,256,411.878849306,215.109376348,12,417.013885498,215.057312012,251.391662598,193.750045776,133.185577393 ,0.637186184632,1,19,-0.0194060690215  ,0.226053184095,0.351363063587,-8.20505397315  ,-0.0493299669839  ,0.226053184095,0.35528179542 ,-12.4245636971
1,22073.0,49558.0,0.44539731224 ,2077.32920039,210,291,256,414.537262719,206.585738232,16,413.864227295,209.058898926,252.53944397 ,174.780166626,162.826049805 ,0.721810673888,1,20,-0.0107019304734  ,0.266904761905,0.383543415058,-0.782186720563 ,-0.00927835051546 ,0.266904761905,0.383526940971,-0.603395023006
1,12180.0,41232.0,0.295401629802,2131.57350612,222,263,217,414.570689655,213.916420361,10,426.058563232,213.370635986,221.253509521,191.264511108,170.833953857 ,0.502703923737,2,12,-0.0167943459015  ,0.259384384384,0.387744273636,0.508248444385  ,-0.04309252218    ,0.259384384384,0.388124683515,-2.01511015957
1,23502.0,53846.5,0.436462908453,2045.28042996,246,318,311,398.957110033,214.37324483 ,12,398.4090271  ,209.753829956,246.789550781,192.879806519,172.248733521 ,0.62383533128 ,1,20,0.0258592604724   ,0.197967479675,0.347112578076,8.06718426184   ,0.00267295597484  ,0.197967479675,0.345037873792,5.17938357043
1,14833.0,41408.5,0.35821147832 ,1834.89565396,204,301,282,378.222813996,201.706532731,12,366.767242432,202.361221313,231.571990967,178.726104736,14.3099269867 ,0.635871432121,1,17,-0.0281393284291  ,0.256310821805,0.364805669432,-10.0299451528  ,-0.0105530584327  ,0.256310821805,0.362674228508,-7.80986372226
1,19084.0,48362.0,0.394607336338,1969.89060163,268,263,266,382.766401174,207.133567386,13,377.347442627,207.376464844,239.34463501 ,188.092025757,55.2740440369 ,0.618400991399,1,17,0.0579894085366   ,0.216264092081,0.337717256191,12.769616396    ,0.0574815477522   ,0.216264092081,0.337632441946,12.6887395773
1,12478.0,41138.5,0.303316844319,2262.82004225,292,238,289,403.345808623,213.023481327,11,411.289642334,208.906356812,244.341506958,170.853897095,118.017036438 ,0.714884831002,2,16,-0.0579370532473  ,0.191352739726,0.29794055269 ,-21.1438934409  ,-0.0832457983193  ,0.191352739726,0.305277244004,-25.5258357013
1,19341.0,48726.0,0.396933875139,1989.24594009,262,253,235,408.006049325,195.913396412,12,406.437683105,190.203186035,240.47164917 ,188.337738037,138.141555786 ,0.621768067372,1,17,0.0166304903511   ,0.212611080686,0.342470700664,7.46314536407   ,0.0604510578935   ,0.212611080686,0.348359275836,12.1395905765
1,22181.0,47975.5,0.462340152786,2072.59413826,298,263,285,402.04098102 ,231.503539065,15,400.418914795,228.3306427  ,246.687286377,174.376052856,123.178672791 ,0.707342629422,1,22,0.0342339888402   ,0.207748627212,0.330627304741,7.14606502092   ,-0.0589353612167  ,0.207748627212,0.331389792383,-6.01787577345
1,15579.0,42506.5,0.366508651618,1993.00329947,278,261,277,394.07619231 ,187.507349637,10,395.328826904,181.542877197,241.015884399,165.300018311,46.8446006775 ,0.72774577252 ,1,20,-0.0549526833819  ,0.191781433317,0.324015182968,-15.3067461152  ,0.0197318007663   ,0.191781433317,0.313208360547,-3.32964971648
1,11965.0,40991.5,0.291889782028,1780.26910853,264,259,261,403.546844964,219.474383619,10,394.843170166,226.027084351,222.282180786,186.814224243,135.342453003 ,0.541908878502,3,12,-0.0277694326169  ,0.262912345351,0.331039032293,-9.51928258568  ,-0.0759330759331  ,0.262912345351,0.339753603569,-18.0663694034
1,12014.0,40512.0,0.296554107425,1973.90107918,277,218,232,404.095055768,212.459463959,12,405.14440918 ,202.634399414,236.618713379,178.602432251,78.0870056152 ,0.655942221096,2,10,-0.10064466074    ,0.19147300472 ,0.335536732241,-19.1645937247  ,-0.125688073394   ,0.19147300472 ,0.343589139937,-25.0410322021
1,23283.0,55735.5,0.417740937105,2244.54240346,297,264,286,410.717776919,214.184727054,12,415.89163208 ,214.285552979,250.884979248,196.620559692,111.506027222 ,0.621129459834,3,21,-0.0186004206105  ,0.23374164971 ,0.359530921673,-8.46804551713  ,-0.0458152958153  ,0.23374164971 ,0.363139291273,-12.4041331518
1,12621.0,40267.0,0.313432835821,1835.6940043 ,289,217,238,409.092623405,216.921083908,12,411.676971436,222.817687988,241.729568481,173.188644409,78.7132873535 ,0.697632091531,2,10,0.00654877376854  ,0.222773271   ,0.346238918352,8.95062543853   ,-0.0391705069124  ,0.222773271   ,0.345061477633,-2.98729486227
1,15393.0,47171.0,0.326323376651,2398.26740122,253,301,301,379.026765413,217.264211005,11,373.592071533,222.268737793,248.091659546,194.543716431,6.32031297684 ,0.620557876953,1,18,-0.0362207829291  ,0.222418300033,0.341249313923,-7.40961159031  ,-0.0703211517165  ,0.222418300033,0.345546373915,-12.1072860705
1,19079.0,47575.0,0.401029952706,1999.97386193,257,258,239,408.28544473 ,197.16017611 ,11,406.733886719,189.247085571,241.799743652,188.38835144 ,141.574874878 ,0.626888505699,1,18,0.0393805275576   ,0.248317432374,0.36512646623 ,8.0589207171    ,0.077519379845    ,0.248317432374,0.371381455408,13.1553032251
1,21893.0,48565.5,0.450793258589,2068.90279424,288,228,222,412.718357466,224.270040652,17,410.741577148,223.828353882,245.306945801,175.213760376,64.7377471924 ,0.699877039069,1,24,-0.00137409070645 ,0.221335855015,0.350046876661,-0.230063184752 ,-0.0771198830409  ,0.221335855015,0.355564048228,-11.0684884779
1,19445.0,49008.0,0.396771955599,1997.12104964,317,231,309,420.757161224,228.635741836,12,430.132507324,231.168716431,244.172851562,190.526168823,81.63256073   ,0.62541514204 ,1,19,-0.0977263397396  ,0.171468896102,0.300417517533,-21.0675552581  ,-0.191387559809   ,0.171468896102,0.338289368412,-39.3790158127
1,19440.0,48577.5,0.400185270959,1927.72408104,239,321,311,419.213888889,208.061419753,12,423.402130127,200.766403198,241.99079895 ,185.96194458 ,4.36279630661 ,0.639889413697,1,16,-0.0469270412676  ,0.224260518364,0.339711491836,-15.258760313   ,-0.0502336448598  ,0.224260518364,0.340403669809,-15.6916470977
1,19466.0,48541.5,0.401017685898,2056.41751301,268,257,239,398.817373883,236.888112607,12,399.929107666,244.202682495,240.199234009,188.896911621,138.377288818 ,0.61769516423 ,1,24,-0.0341577978991  ,0.197223101844,0.309776360177,-9.6303435525   ,-0.150453955901   ,0.197223101844,0.33896903884 ,-26.3354764544
1,20633.0,49915.0,0.413362716618,1931.956617  ,231,282,275,403.565259536,238.257403189,12,397.576263428,243.985870361,255.968414307,193.084686279,167.288360596 ,0.656495286073,1,18,0.0243564336886   ,0.269328879492,0.378659033738,3.83557091501   ,-0.0864854215918  ,0.269328879492,0.383103499969,-13.7000710117
1,22978.0,54519.0,0.42146774519 ,2135.42970562,285,285,270,411.326225085,219.849160066,14,416.156005859,221.69392395 ,252.621963501,191.578689575,140.252441406 ,0.651834584253,1,19,-0.0263833718824  ,0.217796652738,0.343775343525,-9.94585598611  ,-0.0714681440443  ,0.217796652738,0.351531398448,-16.5532012439
1,19819.0,58855.5,0.33673998182 ,2275.7068361 ,307,323,296,411.684847873,228.677279378,13,415.348815918,228.145080566,266.17755127 ,199.067779541,139.331207275 ,0.663838547165,2,19,0.0190432309254   ,0.175841736306,0.337289232366,-1.61660101408  ,-0.0480690891315  ,0.175841736306,0.340913960553,-8.52392846708
1,20010.0,59780.0,0.334727333556,2237.59622622,304,246,238,418.671814093,212.749875062,12,420.585571289,210.474563599,255.972503662,206.62802124 ,78.8495941162 ,0.590240551008,2,18,-0.0405379965844  ,0.267789405736,0.359889832111,-6.81753772748  ,-0.0639114724481  ,0.267789405736,0.363146087093,-11.1081090628
1,20952.0,53767.0,0.389681403091,1989.74132597,277,337,325,415.990263459,197.242458954,17,422.423828125,193.658294678,254.941375732,205.728637695,161.10760498  ,0.590599956863,2,15,-0.0564516549343  ,0.212994046561,0.337906209484,-15.0984608127  ,-0.0274975272008  ,0.212994046561,0.333153516521,-10.7675863876
1,22171.0,48544.5,0.45671497286 ,2053.32920039,209,286,269,414.956158946,207.286410175,16,413.023620605,208.729171753,249.980453491,174.635879517,170.166381836 ,0.715514249073,1,19,-0.00231104281678 ,0.273493790243,0.393620206394,0.611562089968  ,-0.00331247699669 ,0.273493790243,0.39359653909 ,0.490388479049
1,12138.0,40112.5,0.30259894048 ,1996.3308568 ,259,275,263,397.569945625,212.221865217,10,387.362792969,204.369903564,208.85194397 ,195.324890137,22.8727283478 ,0.354037117448,1,13,-0.0417106999114  ,0.176587450438,0.308100457876,-15.6122340038  ,-0.0606993006993  ,0.176587450438,0.31295360216 ,-18.5507274256
1,12597.0,41172.5,0.305956645819,2089.7500627 ,260,261,258,408.828927522,209.123124553,11,420.927856445,203.249908447,228.745666504,186.515731812,142.176437378 ,0.578919409744,3,12,-0.0186853465384  ,0.277133927899,0.358654315189,-0.941038058269 ,-0.0268199233716  ,0.277133927899,0.358926976426,-2.24241485838
1,19317.0,58613.5,0.329565714383,2312.19211733,315,307,298,393.99829166 ,222.84376456 ,11,395.128143311,226.466812134,258.779815674,199.710754395,46.1063690186 ,0.635938091651,1,22,-0.0130940449639  ,0.216595009622,0.309246727956,-9.58410004374  ,-0.0647023985786  ,0.216595009622,0.318772437144,-18.2358472297
1,19205.0,47785.0,0.401904363294,1932.25099242,310,242,291,398.366675345,197.02983598 ,12,393.624786377,192.484451294,237.413116455,187.991348267,108.42440033  ,0.610738717197,1,15,-0.00235604966854 ,0.192881714831,0.311833704903,0.529635565109  ,0.0388429752066   ,0.192881714831,0.3147449843  ,9.41660804153
1,22093.0,49279.0,0.448324844254,2098.51801825,310,252,301,407.428642556,203.647806998,16,409.894775391,206.640136719,252.235931396,174.510925293,115.555984497 ,0.722035573878,1,23,-0.0433230571175  ,0.196874343945,0.326059483473,-9.87510750407  ,-0.0300207039337  ,0.196874343945,0.324479953646,-7.88250808364
1,19322.0,49716.0,0.388647517902,2015.82458627,251,323,305,420.820618984,206.442086741,13,426.931365967,199.735488892,243.215484619,192.508132935,8.56960010529 ,0.611152782618,1,17,-0.0397895693701  ,0.2192496234  ,0.327410652585,-14.1745615057  ,-0.038062283737   ,0.2192496234  ,0.327088798107,-13.9277570334
1,19501.0,58250.5,0.334778242247,2306.97594988,247,306,304,406.895902774,201.576073022,11,404.652404785,198.579711914,259.922454834,197.851318359,10.1655426025 ,0.648524671219,2,21,-0.00605391636168 ,0.236645366083,0.364126078863,0.942346650946  ,0.0116713352007   ,0.236645366083,0.364989202315,3.12603708453
1,15216.0,41296.0,0.368461836497,2221.19505036,252,296,291,379.433228181,219.918638275,11,372.20916748 ,225.708236694,231.657165527,176.107910156,154.610229492 ,0.649678352135,2,17,-0.0561174780041  ,0.228252534803,0.344408799994,-11.6773844031  ,-0.0997615262321  ,0.228252534803,0.352949658319,-17.5595712222
1,22263.0,48916.0,0.455127156759,2086.71902871,250,288,235,410.343529623,203.472038809,18,409.608123779,205.066421509,251.315734863,173.462310791,148.044296265 ,0.723602751591,2,23,-0.0262897203197  ,0.22435314589 ,0.348592876728,-6.02835256272  ,-0.0140398550725  ,0.22435314589 ,0.347686689992,-4.46900130025
1,23395.0,55010.0,0.42528631158 ,2122.4763881 ,251,321,317,396.726992947,213.419063903,14,394.94317627 ,208.19354248 ,251.057907104,193.427337646,176.404602051 ,0.637501521581,2,21,0.0284528025446   ,0.201238283617,0.347909334708,7.66801529334   ,0.00845571873609  ,0.201238283617,0.346150225976,5.12965486765
1,0      ,0      ,0             ,0            ,0  ,0  ,0  ,0            ,0            ,0 ,0            ,0            ,0            ,0            ,0             ,0             ,0,0 ,0                 ,0             ,0             ,0               ,0                 ,0             ,0             ,0
1,19287.0,57310.0,0.336538125982,2309.64796102,277,325,256,397.122206668,201.304972261,12,394.830566406,201.717071533,264.068817139,190.752593994,148.922042847 ,0.691517814667,1,21,-0.0156184003688  ,0.193075847803,0.338053721984,-1.36880486808  ,0.00190476190476  ,0.193075847803,0.338033156635,1.02997087336
1,20036.0,59066.0,0.339213760878,2234.60841882,248,303,290,404.865991216,201.349920144,13,401.622039795,199.425048828,259.325317383,200.292770386,0.957319438457,0.635183778529,2,19,-0.0327169562739  ,0.214317909851,0.381511908041,-10.2506576087  ,-0.0140698280354  ,0.214317909851,0.379632616246,-8.38741691635
1,19265.0,60070.0,0.320709172632,2254.66729391,307,280,269,391.138645212,209.803996886,12,388.251312256,212.347183228,255.323059082,206.415298462,117.737556458 ,0.588568244644,1,19,-0.0210007630028  ,0.246676042309,0.359196104235,-3.84034206308  ,-0.031015037594   ,0.246676042309,0.360018189266,-5.46659735647
1,20609.0,52209.0,0.394740370434,2043.93937206,245,281,276,404.259013053,193.391576496,12,409.966247559,188.321609497,250.906051636,202.657897949,159.217330933 ,0.589587785132,2,18,-0.0409157024668  ,0.262811791383,0.371337051179,-9.42293625778  ,0.00751285092922  ,0.262811791383,0.366011831236,-1.24339148476
1,18786.0,47658.0,0.39418355785 ,1932.25099242,235,317,298,386.695145321,220.718247631,12,382.10925293 ,226.019851685,237.817810059,184.076858521,5.17591094971 ,0.633155405462,2,16,0.00463169599752  ,0.196276595745,0.306305347908,-3.67274797816  ,-0.038643533123   ,0.196276595745,0.311193324247,-11.0011601147
1,21960.0,48499.0,0.45279284109 ,2059.40532041,307,243,302,402.01798725 ,202.133743169,15,403.149871826,205.15612793 ,251.811309814,174.316665649,111.5754776   ,0.721656679216,1,24,-0.0275703298927  ,0.19529913484 ,0.334476686692,-5.99026042894  ,-0.00754458161866 ,0.19529913484 ,0.333134576212,-3.14147575214
1,12205.0,40251.5,0.303218513596,1836.5424825 ,276,209,249,408.91634576 ,220.27169193 ,11,411.114379883,230.266860962,223.205047607,187.61114502 ,86.9092102051 ,0.541760788874,3,13,0.0395774733471   ,0.248629781003,0.376404026754,11.1560890455   ,-0.0239234449761  ,0.248629781003,0.372674735775,0.19754285415
1,12289.0,40309.5,0.304866098562,2004.04957259,253,220,212,402.391244202,208.997802913,12,402.397735596,197.549072266,214.760818481,189.426361084,81.9935913086 ,0.471185611636,2,14,-0.0363736231219  ,0.21654432524 ,0.348838444923,-14.4282461067  ,-0.0454545454545  ,0.21654432524 ,0.350667208458,-16.1473825542
1,20841.0,50957.5,0.408987882059,2010.15762746,280,251,253,413.477232378,238.127585049,11,411.409240723,246.903915405,255.393768311,197.1068573  ,140.34727478  ,0.635894129765,1,18,0.0275114056832   ,0.240485225247,0.360619514687,9.77091161817   ,-0.0965028773794  ,0.240485225247,0.363519051205,-12.2252075636
1,22124.0,48577.0,0.455441875785,2055.8733567 ,291,215,228,412.547188573,227.561788103,16,411.183624268,227.525512695,246.230041504,175.626937866,69.3234481812 ,0.700895831911,1,23,0.0206109456782   ,0.225419982499,0.355607680383,3.51131584746   ,-0.0750252780586  ,0.225419982499,0.360135727303,-9.91581704729
1,12423.0,41915.5,0.296382006656,2062.75993621,246,287,279,411.074700153,216.511148676,12,420.10144043 ,221.539627075,229.96105957 ,181.326675415,30.144739151  ,0.615021486611,3,12,-0.0228995981097  ,0.186364973003,0.35974741676 ,-8.00033885868  ,-0.0560394889663  ,0.186364973003,0.363278957576,-10.8910253903
1,21044.0,50505.5,0.416667491659,1965.17278445,327,278,313,388.316954952,204.223531648,13,386.56741333 ,197.438690186,241.95085144 ,209.45640564 ,92.4836273193 ,0.500566384018,1,17,-0.0425729923793  ,0.20746842147 ,0.341232872281,-15.8081310274  ,-0.032585696149   ,0.20746842147 ,0.339496077145,-14.2976028841
1,15264.0,40742.0,0.374650238084,2006.37517464,313,216,308,399.966784591,239.933896751,13,403.985046387,248.582214355,237.354660034,171.488464355,83.3864212036 ,0.691372142567,1,18,0.00998203228123  ,0.222577209798,0.342820281328,5.90038501896   ,-0.142489711934   ,0.222577209798,0.355831711506,-19.1264840382
1,15591.0,47360.5,0.329198382618,1893.42256534,304,239,293,418.353537297,190.043101789,13,423.117492676,189.39352417 ,248.916610718,189.545089722,123.605773926 ,0.648188080329,1,18,0.00808364300579  ,0.212977731942,0.325441540975,4.10106013594   ,0.0790330079033   ,0.212977731942,0.335292694075,15.8218485285
2,13647.0,35147.0,0.388283495035,1574.11896169,226,234,223,388.385725801,224.312009966,13,381.48236084 ,234.614501953,199.399795532,172.238998413,137.498397827 ,0.503856735034,1,15,-0.0112022366144  ,0.212208178702,0.34498085839 ,-1.07549885959  ,-0.0851851851852  ,0.212208178702,0.351209141509,-10.270002761
2,15442.0,36532.5,0.422692123452,1736.10885704,220,255,230,395.476039373,207.436666235,14,396.690185547,211.799911499,202.001205444,165.54586792 ,163.953186035 ,0.573037555017,1,16,0.00146731856841  ,0.273281840553,0.358599434575,-1.00091389833  ,-0.000245098039216,0.273281840553,0.358602931437,-1.25940259379
2,15107.0,35222.0,0.428908068821,1670.42761767,271,193,239,396.499569736,221.917720262,11,395.326690674,219.27204895 ,221.749389648,153.609573364,74.1596374512 ,0.721209504284,1,14,0.0151177215654   ,0.204533247093,0.351305793363,2.80638948879   ,-0.0621761658031  ,0.204533247093,0.355365345166,-5.69620679572
2,15809.0,37411.0,0.422576247628,1749.82458627,227,255,234,412.355177431,220.19653362 ,14,411.297027588,216.306045532,204.329589844,166.902511597,155.563659668 ,0.576878643367,1,14,0.01421609823     ,0.282435270698,0.366119926067,1.59284890699   ,-0.0375350140056  ,0.282435270698,0.36887097615 ,-6.82330689308
2,14194.0,31983.5,0.443791329904,1539.02350879,229,213,196,393.160701705,229.489784416,12,391.871734619,232.962814331,188.343475342,152.531723022,125.375526428 ,0.586624109691,1,17,0.0230119677081   ,0.219409376241,0.336625840459,7.61332302431   ,-0.0825738746203  ,0.219409376241,0.337435234049,-9.028529818
2,14801.0,34187.0,0.432942346506,1720.36874259,204,263,254,401.957367745,206.034997635,14,405.615020752,205.531829834,222.231246948,149.297729492,14.4333677292 ,0.740721246784,1,18,-0.0334537479013  ,0.245074819033,0.340172913763,-9.97961974638  ,-0.0297845373891  ,0.245074819033,0.339635545423,-9.35475076777
2,15195.0,34830.0,0.436261843239,1664.97177398,217,253,212,402.052846331,223.559460349,12,400.497406006,221.04095459 ,221.209854126,153.67791748 ,39.7829475403 ,0.719284613209,1,15,-0.0138624755647  ,0.24090892135 ,0.335531274988,-1.02051943749  ,-0.0793148880105  ,0.24090892135 ,0.341129010945,-12.7199797771
2,15173.0,34880.5,0.434999498287,1647.84183121,262,213,255,395.487972056,215.339484611,10,396.046203613,211.553390503,223.821243286,151.743759155,112.692123413 ,0.735090928503,1,14,0.00494727852163  ,0.215110157003,0.368579304173,-2.25909146537  ,-0.0342052313883  ,0.215110157003,0.371636728023,-8.09919719752
2,12735.0,27443.5,0.464044309217,1306.83974326,203,198,153,401.784530821,205.37196702 ,15,396.071075439,208.625976562,182.614929199,144.681655884,45.2989616394 ,0.610161242663,1,13,0.0916222110568   ,0.223272250542,0.392791635104,24.6697796049   ,0.0998445998446   ,0.223272250542,0.39543832777 ,25.4976497984
2,12526.0,26907.5,0.465520765586,1399.22451925,215,222,214,404.726089733,220.823087977,12,408.080230713,214.502349854,191.53868103 ,147.344085693,137.362640381 ,0.638929338237,1,13,0.0279626277551   ,0.255519953202,0.360575555768,8.79338648251   ,-0.0343035343035  ,0.255519953202,0.358990698334,0.0242780762177
2,15057.0,34896.5,0.431475935982,1659.80020106,265,211,245,415.808726838,218.119479312,14,416.03503418 ,221.436035156,227.835906982,150.496139526,124.122718811 ,0.750785412336,1,14,-0.012974708745   ,0.202322763794,0.369752519974,-1.00516393495  ,-0.0656736628301  ,0.202322763794,0.374360772182,-8.66490433503
2,14582.0,33023.5,0.441564340545,1565.94233644,211,237,228,395.271636264,192.713070909,15,391.283355713,193.473373413,196.846191406,160.208206177,30.9693508148 ,0.581039915959,1,14,0.0955343558562   ,0.239829630153,0.383416207564,23.713754864    ,0.155816757083    ,0.239829630153,0.40622322123 ,29.731214352
2,13666.0,36731.5,0.372051236677,1627.15553951,203,229,185,421.118030148,220.442997219,11,435.398406982,219.442626953,203.538711548,174.394058228,12.6085672379 ,0.515631809189,3,18,-0.0337278141803  ,0.271403443045,0.366850598877,-8.53591016101  ,-0.0924308588064  ,0.271403443045,0.378548531172,-16.6777227594
2,14915.0,33835.0,0.440815723363,1582.51087797,210,239,237,395.779416695,194.330874958,14,390.714324951,195.677856445,195.979904175,163.03012085 ,25.4750747681 ,0.554968110611,1,17,0.0818668162165   ,0.24239166669 ,0.366478940303,20.3716116893   ,0.134875707605    ,0.24239166669 ,0.383829024623,26.7154889249
2,14565.0,33374.5,0.436411032375,1478.54536784,245,186,210,418.802814967,225.190319258,14,426.430145264,224.515045166,207.910705566,149.975158691,87.5129776001 ,0.692576857784,1,14,0.0194564015434   ,0.214807212866,0.422695277465,3.66243088306   ,-0.0783410138249  ,0.214807212866,0.419386704169,-4.61902317477
2,13451.0,35446.0,0.379478643571,1584.50373769,213,227,204,388.429038733,202.772284589,14,375.442260742,200.084518433,197.591567993,174.36781311 ,23.9167537689 ,0.470376450038,1,17,0.00547521067754  ,0.249023165921,0.353260968837,0.0108837690737 ,0.0240995076445   ,0.249023165921,0.354122075114,2.77651058858
2,12478.0,27604.5,0.452027749099,1378.11182141,196,230,191,409.988860394,211.972591762,11,402.664855957,209.942657471,184.094314575,152.08934021 ,26.7032966614 ,0.563451659944,1,13,-0.102125855218   ,0.213505156831,0.37091393925 ,-28.9339801805  ,-0.123745819398   ,0.213505156831,0.38007796703 ,-30.9464026066
2,15655.0,37223.5,0.420567652155,1749.1311543 ,198,244,172,408.810667518,225.202874481,13,410.425598145,220.092834473,205.399612427,167.449951172,18.3893699646 ,0.579123451016,1,15,-0.019387126444   ,0.277377329131,0.363711231692,-1.44883851128  ,-0.0939890710383  ,0.277377329131,0.373547029552,-12.2029894472
2,12329.0,27582.0,0.446994416649,1383.7341857 ,222,197,182,402.141049558,215.748884743,12,406.927215576,222.665802002,181.1015625  ,156.044937134,56.5302772522 ,0.507514459366,2,14,0.0632648246577   ,0.23373095295 ,0.376665954577,18.5692747961   ,0.0188542422045   ,0.23373095295 ,0.368220118975,13.2797425466
2,13644.0,36223.5,0.376661559485,1927.29840231,233,209,186,413.417766051,194.637203166,13,414.344055176,180.705688477,203.809112549,174.496963501,104.441734314 ,0.516680285103,1,16,-0.0193794106879  ,0.192684800374,0.359074857439,-6.57424745203  ,0.0397727272727   ,0.192684800374,0.355768381204,-0.0651595682524
2,12658.0,27693.0,0.457083017369,1330.55547249,218,188,199,397.719860957,224.232817191,15,405.185150146,229.163101196,185.392456055,143.910415649,111.17098999  ,0.630428380838,1,15,-0.0906055823189  ,0.236574710944,0.347003569835,-22.574165468   ,-0.182269503546   ,0.236574710944,0.383708677678,-34.3609479162
2,12887.0,28089.5,0.458783531213,1349.40828478,199,203,160,413.847365562,210.933188485,15,410.909484863,204.905838013,185.864685059,144.224731445,141.162704468 ,0.630774369809,1,14,-0.0129962565858  ,0.268564635859,0.381397105796,-5.83443421012  ,-0.0323715693174  ,0.268564635859,0.383360146973,-8.770072407
2,12591.0,27428.5,0.459048070438,1342.16059184,217,168,212,402.263521563,226.007147963,14,411.171630859,226.270401001,187.385269165,141.711151123,85.9905776978 ,0.654276342511,1,13,-0.0901589178037  ,0.204463156572,0.377935726628,-22.9128677683  ,-0.203296703297   ,0.204463156572,0.422467627626,-33.1929917297
2,14365.0,32567.0,0.441090674609,1727.97682631,235,218,233,390.373407588,224.038148277,13,391.061798096,226.780227661,189.062026978,156.304458618,127.441566467 ,0.562589489018,1,20,-5.4365701549e-05 ,0.23313762025 ,0.332365759888,-0.500160410966 ,-0.0782110091743  ,0.23313762025 ,0.341718001706,-13.2843089352
2,14453.0,33591.0,0.430264058825,1492.68750322,191,241,176,416.377568671,199.770566664,15,416.635986328,190.988250732,205.472702026,153.136459351,178.298049927 ,0.666742022869,1,15,0.00485712308863  ,0.294636197561,0.39992796259 ,-4.13933481167  ,0.0348547717842   ,0.294636197561,0.400102743265,-0.152013861286
2,13539.0,35633.0,0.379956781635,1594.26109707,223,227,224,390.1522269  ,220.330231184,13,384.490142822,232.1277771  ,201.078948975,172.105010986,135.08807373  ,0.517128699721,1,15,0.00409793473122  ,0.210118915725,0.348272209484,7.44953334602   ,-0.0546255506608  ,0.210118915725,0.345823451518,0.368100343418
2,15626.0,37043.5,0.421828390946,1765.96672165,251,225,218,414.707538718,203.76359913 ,13,411.838195801,203.499511719,199.791992188,171.232818604,78.3359603882 ,0.515224156383,1,14,0.0408540913699   ,0.173022196927,0.374538290846,10.3260450109   ,0.0552380952381   ,0.173022196927,0.376163791719,11.4940971544
2,14563.0,32397.0,0.44951693058 ,1624.59413826,205,203,192,405.892192543,197.766943624,13,404.560394287,195.294326782,188.29460144 ,156.916168213,58.0789070129 ,0.552738768797,1,18,-0.0772290680798  ,0.248993058289,0.381044276184,-13.9859838971  ,-0.031746031746   ,0.248993058289,0.372225180146,-8.63051492483
2,14071.0,32743.5,0.429734145708,1500.42761767,194,236,197,424.959420084,213.773861133,13,429.273742676,211.955734253,192.300506592,152.420822144,169.404891968 ,0.609718687151,1,14,-0.0157887240134  ,0.265463917526,0.400453184491,-5.44181847995  ,-0.0444915254237  ,0.265463917526,0.402459434973,-8.78125929755
2,14820.0,34121.5,0.434330260979,1620.68036294,204,250,188,427.258704453,221.627260459,16,429.821350098,216.524795532,194.616333008,165.367584229,163.078094482 ,0.527249176573,1,17,-0.053255664047   ,0.226698116732,0.360668810042,-17.2259865633  ,-0.111764705882   ,0.226698116732,0.376515122639,-24.4434820508
2,12480.0,28627.0,0.435952073218,1414.50373769,189,220,205,404.637019231,211.21875    ,9 ,398.921600342,211.859191895,186.039123535,153.821395874,174.582458496 ,0.562462440145,2,12,-0.110748106061   ,0.252204585538,0.405595240882,-25.6805598231  ,-0.129924242424   ,0.252204585538,0.413160779924,-27.4905064784
2,14401.0,33945.5,0.424238853456,1539.33216476,229,211,204,423.545101035,212.622387334,13,430.886138916,205.422927856,208.513687134,149.607177734,51.7939491272 ,0.696565384694,1,15,0.0187474913154   ,0.222283872208,0.383276234539,3.29172931306   ,-0.00789889415482 ,0.222283872208,0.383064271115,0.0795961389019
2,14777.0,35149.5,0.420404273176,1764.71188843,182,276,245,410.799350342,221.313392434,12,408.790802002,225.280471802,224.738830566,149.689498901,174.373550415 ,0.745898352681,1,16,-0.0448337230645  ,0.263806283637,0.376430551901,-8.16778852131  ,-0.0966938405797  ,0.263806283637,0.385584437552,-15.7986867414
2,14549.0,33924.0,0.428870416225,1531.81744599,231,206,190,424.589318854,215.213347996,14,431.882537842,208.923294067,209.103393555,149.878128052,55.8751144409 ,0.697314143665,1,15,0.017216899659    ,0.226721304142,0.38884424496 ,3.57744959008   ,-0.0226537216828  ,0.226721304142,0.388973742049,-1.02034168077
2,13094.0,29498.5,0.443886977304,1446.9646337 ,235,186,231,423.916297541,213.086146327,14,442.262390137,218.741134644,213.592544556,141.627227783,109.864967346 ,0.748555657244,1,18,-0.118712474947   ,0.198226426772,0.347541028268,-31.1585347491  ,-0.151433691756   ,0.198226426772,0.360650442427,-34.890058374
2,14413.0,36027.5,0.40005551315 ,1710.48649275,277,189,250,410.932422119,211.43398321 ,13,416.042785645,212.47277832 ,225.815643311,151.128036499,73.3302536011 ,0.743033647146,1,15,-0.0241588189968  ,0.22095489239 ,0.362348666965,-10.7509047002  ,-0.047619047619   ,0.22095489239 ,0.365475559549,-13.5618140902
2,12495.0,27511.5,0.454173709176,1410.72199309,207,227,207,405.103241297,217.998559424,11,409.889892578,212.149841309,190.438323975,150.015396118,141.366210938 ,0.616011152158,1,12,0.0488189108242   ,0.257010050397,0.371191832873,13.6573880785   ,0.000367107195301 ,0.257010050397,0.365103690124,7.20546740776
2,14085.0,32240.0,0.436879652605,1444.58699799,230,192,196,388.730493433,205.706709265,13,381.621459961,207.54901123 ,199.800186157,150.226104736,83.3329391479 ,0.659298036449,1,11,-0.00152755591054 ,0.247719562622,0.426709244926,2.24272425305   ,0.00520833333333  ,0.247719562622,0.426730936078,2.73688702584
2,14408.0,31898.5,0.451682681004,1578.29558694,239,216,208,418.531996113,205.013048306,15,420.703887939,202.976791382,185.407196045,159.531005859,111.797729492 ,0.509558709183,1,16,-0.0219303319144  ,0.24452510257 ,0.356730937943,-2.90914193603  ,-0.0127314814815  ,0.24452510257 ,0.356465893332,-1.56467060447
2,14197.0,32772.5,0.433198565871,1515.93519616,234,212,224,417.195182081,199.164964429,14,418.67791748 ,194.922302246,188.547409058,156.121139526,116.513282776 ,0.560697672002,1,14,-0.0349361516147  ,0.249813908474,0.369553849211,-8.05617600848  ,0.00202156334232  ,0.249813908474,0.366362199337,-2.89710087229
2,12743.0,28101.0,0.453471406712,1230.41333711,188,212,198,395.586125716,209.12132151 ,15,390.720245361,214.569503784,184.479644775,151.129852295,13.0032215118 ,0.573475983962,1,10,-0.0192390494818  ,0.291140693013,0.406989058956,-1.31160263486  ,-0.0292452830189  ,0.291140693013,0.407338604617,-2.73798037727
2,14929.0,34326.5,0.434911802835,1640.47935247,208,250,194,426.794025052,219.435394199,16,428.803070068,214.225875854,196.490600586,166.233291626,158.265838623 ,0.533164778102,1,17,-0.0533172467326  ,0.223657741667,0.359773661422,-16.5749281304  ,-0.103058823529   ,0.223657741667,0.372431737805,-22.6681548246
2,14163.0,34737.5,0.407715005398,1641.90070629,249,201,248,407.017227988,196.269858081,13,404.73840332 ,192.704452515,196.872192383,168.492782593,90.9088745117 ,0.517226488376,2,18,0.00880526408415  ,0.240271448476,0.345500963928,2.23162407551   ,0.0621890547264   ,0.240271448476,0.351409360446,10.340264233
2,14343.0,32905.5,0.435884578566,1510.34435737,185,248,220,391.819702991,230.60761347 ,16,391.878509521,238.694381714,206.766662598,147.282836914,0.285237401724,0.701860692617,1,13,-0.0136789779436  ,0.306519874016,0.412569453621,0.384040057503  ,-0.108870967742   ,0.306519874016,0.423528387654,-12.4372431891
2,15015.0,34638.5,0.433477200225,1593.89356601,237,231,231,410.227306027,238.144322344,14,415.976287842,237.122619629,195.497131348,167.492965698,46.7129402161 ,0.515725158876,1,17,-0.11040145662    ,0.208161310023,0.332569314927,-26.8135223797  ,-0.245225362872   ,0.208161310023,0.399275869609,-41.9310041747
2,15496.0,36183.0,0.428267418401,1733.72408104,218,255,226,396.978768715,207.213538978,14,398.132873535,211.469039917,202.200500488,164.86151123 ,173.38079834  ,0.578986946996,1,16,-0.0275939647929  ,0.278645376966,0.36303828555 ,-3.80699493006  ,-0.028431372549   ,0.278645376966,0.363090031465,-3.93608831567
2,15524.0,36799.0,0.421859289655,1751.64082074,242,216,203,394.27853646 ,222.743236279,18,398.528320312,222.805664062,202.138031006,168.235519409,91.6714553833 ,0.554354896571,1,14,-0.0524453346857  ,0.185098626281,0.404473753351,-14.6699077059  ,-0.125330687831   ,0.185098626281,0.420643355425,-19.5266596428
2,14742.0,33778.0,0.436437918172,1619.44991493,244,210,209,404.977140144,190.02313119 ,16,399.758361816,188.85458374 ,195.165527344,162.20173645 ,57.9514770508 ,0.556125551369,1,19,0.0895838327334   ,0.216561074233,0.338635886509,23.2252494959   ,0.170426065163    ,0.216561074233,0.370638641337,33.4799911818
2,14424.0,33523.5,0.430265336257,1644.78800845,234,227,229,383.312118691,222.604825291,16,384.766296387,227.932739258,195.968383789,162.130584717,127.637199402 ,0.561715719611,1,18,0.00437759550692  ,0.217027822154,0.342923044977,0.244794486328  ,-0.0643661282428  ,0.217027822154,0.346046039603,-8.42256438171
2,15122.0,36406.5,0.415365388049,1746.38598752,282,189,254,413.633447957,209.858285941,13,417.426391602,213.016952515,227.275497437,151.780395508,74.6277084351 ,0.744317786695,1,16,-0.00339531248141 ,0.232328656009,0.364355327379,-3.26603552489  ,-0.0185185185185  ,0.232328656009,0.364512738527,-5.10315797665
2,14206.0,32639.5,0.435239510409,1487.93519616,244,203,225,396.803815289,195.926509925,13,389.26739502 ,193.43296814 ,204.734741211,148.509353638,116.480125427 ,0.688354475288,1,13,-0.0374972985866  ,0.244578756396,0.371824151536,-11.00722728    ,0.0170519136036   ,0.244578756396,0.365305489596,-3.83989270632
2,14274.0,32126.0,0.444313017494,1568.65301335,200,200,176,405.02276867 ,196.109920135,13,403.132263184,194.37588501 ,188.495056152,156.712127686,57.9712791443 ,0.555695530394,1,16,-0.0500753993274  ,0.25          ,0.385464447166,-10.1051739347  ,0.004375          ,0.25          ,0.378821525787,-3.96974066793
2,15692.0,36639.0,0.42828679822 ,1747.75857091,235,201,184,415.007392302,212.900713739,15,411.252227783,211.122390747,203.143127441,166.784301758,115.572044373 ,0.570901332825,1,15,0.0379803336956   ,0.231195188224,0.384659990595,6.07220460447   ,0.00862354892206  ,0.231195188224,0.38234466687 ,2.80514639941
2,12750.0,27650.0,0.461121157324,1337.00626385,213,172,211,408.814901961,203.523607843,13,400.69644165 ,200.888137817,185.166366577,143.272354126,94.0297927856 ,0.633491876195,1,14,0.0931605107159   ,0.234778869294,0.405337818306,22.6493516214   ,0.113372093023    ,0.234778869294,0.411908283424,24.5886104524
2,13613.0,36769.0,0.370230357094,1955.92015326,241,258,222,421.549988981,209.240725777,14,432.667480469,200.76461792 ,203.122695923,174.86807251 ,153.390228271 ,0.508776339365,2,19,-0.0696503896859  ,0.194310972899,0.300049661474,-22.0231294005  ,-0.078335373317   ,0.194310972899,0.302669774479,-23.3963760037
2,12430.0,26925.5,0.461644166311,1391.71694076,184,222,171,404.854786806,208.835800483,12,400.435455322,211.807281494,185.608291626,150.879226685,159.51890564  ,0.582416474733,1,12,-0.0735624602881  ,0.251811594203,0.401221192665,-17.41172721    ,-0.0818318318318  ,0.251811594203,0.403232269794,-18.1573608536
2,15040.0,34065.0,0.441508880082,1609.94947672,200,233,224,422.161569149,234.188430851,15,427.231445312,231.564071655,194.322280884,167.313873291,13.7019224167 ,0.508584138148,1,17,-0.117848188723   ,0.230540714956,0.357816612826,-27.4544455014  ,-0.234536733148   ,0.230540714956,0.411443314214,-40.6654472301
2,13589.0,36509.0,0.372209592155,1657.74132597,205,230,191,421.408344985,227.451688866,11,435.75994873 ,226.968948364,202.255645752,173.572570801,16.2376823425 ,0.513342110876,2,19,-0.0415143962348  ,0.270053508317,0.358588573957,-9.16048186365  ,-0.130434782609   ,0.270053508317,0.38045639385 ,-21.519115061
2,14887.0,34392.5,0.432856000582,1655.1311543 ,266,207,259,414.48545711 ,216.259958353,11,419.039276123,219.843505859,218.594299316,155.456314087,99.0020294189 ,0.703026528592,1,14,-0.0170326373565  ,0.22125964399 ,0.372628277978,-6.73155801668  ,-0.0617667356798  ,0.22125964399 ,0.376484516336,-11.9395652949
2,14856.0,33888.5,0.438378801068,1586.06008661,237,222,232,382.45591007 ,223.674071082,15,384.405639648,228.433456421,196.712097168,164.100830078,126.732543945 ,0.551434346241,1,16,-0.0341258059352  ,0.240149599304,0.354660054717,-11.5835645349  ,-0.109234234234   ,0.240149599304,0.369660778282,-21.3777751826
2,15624.0,37319.0,0.418660735818,1766.81239367,244,212,197,414.635112647,210.681963646,14,411.950653076,210.401107788,203.889587402,168.841583252,92.770942688  ,0.560575942068,1,15,0.0456696398381   ,0.187605222035,0.374908009854,9.67200923817   ,0.0283018867925   ,0.187605222035,0.373100674785,7.88067292312
2,14534.0,33570.0,0.432946082812,1487.55756044,202,226,186,411.019127563,197.312715013,14,408.197692871,189.96383667 ,202.170669556,150.820571899,158.528701782 ,0.665939004182,1,15,-0.000386216756315,0.265352847381,0.381354937519,-1.27559475874  ,0.0424778761062   ,0.265352847381,0.382799279844,4.43596435692
2,12741.0,28010.0,0.45487325955 ,1319.85193586,205,201,170,407.922455066,225.156267169,15,415.218780518,222.051773071,183.680770874,146.707138062,50.4718055725 ,0.601719992195,1,13,-0.136612524609   ,0.1855956005  ,0.351889941418,-36.1282424653  ,-0.226942212017   ,0.1855956005  ,0.399520563635,-43.1810577879
2,14501.0,33836.5,0.428560873613,1536.80525339,197,253,234,419.9166954  ,201.941314392,13,421.934234619,194.302062988,207.83013916 ,150.105743408,16.482673645  ,0.691629944987,1,15,0.0097812163061   ,0.261449569205,0.375488283359,1.24031145142   ,0.0297760210804   ,0.261449569205,0.37630022487 ,4.12581996169
2,12301.0,27657.0,0.444769859348,1377.32502449,218,221,195,403.555483294,208.121209658,10,399.941802979,214.780685425,189.34487915 ,152.025650024,133.623413086 ,0.596109139902,1,12,-0.0684560648971  ,0.25110437057 ,0.370583595897,-18.8315345189  ,-0.0735294117647  ,0.25110437057 ,0.371822664676,-19.4650711284
2,14355.0,32927.0,0.43596440611 ,1701.43981028,244,209,226,398.39707419 ,229.831347962,13,399.191009521,232.426773071,185.272857666,160.092987061,92.8651809692 ,0.503332112911,1,20,0.0135471194372   ,0.203561976463,0.323172606985,4.10766781993   ,-0.0956937799043  ,0.203561976463,0.330060626982,-12.5237114353
2,12637.0,27465.0,0.460112870927,1307.24176419,214,198,188,397.406821239,223.339954103,16,404.199554443,228.974746704,185.090545654,144.098266602,119.165908813 ,0.6276092416  ,1,14,-0.087388399191   ,0.23552312582 ,0.349230555   ,-22.3788782886  ,-0.169913419913   ,0.23552312582 ,0.381298068294,-32.7842346548
2,14931.0,34109.0,0.437743704008,1588.38598752,231,202,180,396.227580202,235.397026321,15,400.971618652,238.455276489,194.017990112,167.413269043,80.7994842529 ,0.50541742304 ,1,17,-0.10636300307    ,0.227064614364,0.356066867826,-22.4663120431  ,-0.246942341293   ,0.227064614364,0.417511892775,-38.2187753805
2,12582.0,27870.5,0.451445076335,1297.82755065,204,207,159,397.098076617,203.527181688,14,390.866729736,206.509216309,181.028137207,149.741119385,33.6127052307 ,0.561951158471,1,14,0.072595080619    ,0.219819274077,0.367301196056,21.1125719841   ,0.0893719806763   ,0.219819274077,0.371862149056,23.0619608202
2,12748.0,27629.5,0.461390904649,1331.29053462,167,216,212,415.312676498,217.012550988,15,415.89050293 ,209.254165649,186.752227783,142.272949219,176.642913818 ,0.64778015894 ,1,12,-0.0751733750537  ,0.276322002997,0.40516822562 ,-15.4085902286  ,-0.121527777778   ,0.276322002997,0.417302446437,-20.5844125262
2,12498.0,28414.0,0.439853593299,1395.81744599,185,221,206,402.911745879,219.835333653,11,410.084716797,219.323699951,186.929519653,154.248153687,173.922073364 ,0.5648882116  ,1,12,0.0761779803321   ,0.242792792793,0.399830962552,12.8747594192   ,0.0180995475113   ,0.242792792793,0.388454412516,6.69862550414
2,15444.0,36520.0,0.422891566265,1745.7068361 ,252,226,232,400.191401191,223.908443408,13,404.516448975,222.608795166,199.844207764,168.796264648,70.8595962524 ,0.535335887984,1,13,-0.0446529052724  ,0.182903358117,0.371359680676,-19.469737333   ,-0.119469026549   ,0.182903358117,0.390106980367,-25.9060072459
2,12942.0,28707.5,0.450822955674,1327.43267   ,199,219,202,415.879075877,213.750270437,15,416.050994873,205.743164062,181.286346436,151.218292236,158.575195312 ,0.551551944359,1,14,-0.0611533639522  ,0.253311394378,0.350264952156,-13.9692976986  ,-0.0919765166341  ,0.253311394378,0.35778160225 ,-18.3957083445
2,15321.0,36509.0,0.419649949328,1742.68750322,230,208,198,393.204947458,215.045427844,16,397.248168945,216.873733521,204.139053345,163.921691895,124.41317749  ,0.595992015104,1,16,-0.0457551545955  ,0.222777116802,0.389976109183,-9.57136255303  ,-0.0844350961538  ,0.222777116802,0.397031926844,-13.8342937468
2,14475.0,33301.0,0.434671631483,1509.41542506,192,237,204,415.521450777,198.288773748,16,414.327453613,191.163421631,205.20993042 ,149.606689453,172.183563232 ,0.684468800906,1,15,0.00712562762802  ,0.287001511226,0.396190036914,-4.25211649481  ,0.0438818565401   ,0.287001511226,0.396919657523,0.807053805557
2,12449.0,27507.5,0.452567481596,1362.21232665,207,231,227,399.389509198,216.303478191,11,407.377166748,220.150146484,187.412185669,152.345153809,31.359796524  ,0.582419761232,1,12,0.057230064319    ,0.218196457327,0.370014605039,18.2102641431   ,0.0169552669553   ,0.218196457327,0.361704992485,13.9572978753
2,14204.0,32478.0,0.437342200874,1492.86412847,213,226,206,384.321599549,220.298929879,15,379.96685791 ,227.101974487,205.217041016,146.375137329,39.4343032837 ,0.700889475357,1,13,0.0302539443246   ,0.229079667587,0.384135412369,5.83652462526   ,-0.0285908781484  ,0.229079667587,0.38140865747 ,-0.738218229623
2,14200.0,31874.5,0.44549718427 ,1560.32711244,199,214,171,402.523521127,197.757957746,13,401.172058105,195.203430176,188.496612549,155.816925049,43.4470748901 ,0.562746038915,2,19,-0.0510572559805  ,0.256155387762,0.381677481688,-11.9803923672  ,-0.00787014264634 ,0.256155387762,0.374879045504,-6.88832794545
2,14425.0,31942.5,0.451592705643,1590.06722689,207,197,178,404.500311958,232.327902946,14,407.149200439,234.642120361,184.848846436,159.002670288,65.247177124  ,0.509996126309,1,19,0.0339914923802   ,0.248283832179,0.374419132008,7.94790462716   ,-0.09457654288    ,0.248283832179,0.371299142872,-9.30168600302
2,13064.0,35585.5,0.367115819646,1702.25099242,208,235,170,383.937155542,209.831139008,14,370.910675049,212.162826538,197.523147583,169.512023926,3.60556125641 ,0.51333527554 ,2,17,3.2381260409e-05  ,0.243513247867,0.342077864216,-1.47719800488  ,-0.0120150187735  ,0.243513247867,0.34233409385 ,-3.32257906359
2,14189.0,32729.0,0.433529897033,1485.2144146 ,228,194,195,386.136584678,202.820494749,16,378.919250488,205.04095459 ,201.65687561 ,148.909011841,78.0363540649 ,0.674332716447,1,13,-0.037800780435   ,0.233269147785,0.400939817675,-9.11693557599  ,-0.0162569389374  ,0.233269147785,0.398437900494,-7.26032635897
2,12654.0,28656.0,0.441582914573,1504.80525339,184,240,229,404.899478426,193.810573732,15,414.627807617,174.012695312,212.610610962,139.608184814,24.3883285522 ,0.754205986482,1,16,-0.0421955261182  ,0.227241847826,0.352560937262,-11.3574292186  ,0.0127604166667   ,0.227241847826,0.345433460932,-3.7168343842
2,14591.0,33682.0,0.433198741167,1661.42256534,195,230,204,386.022822288,200.208553218,13,382.588806152,203.870635986,199.380401611,161.253646851,0.684357404709,0.588119822723,1,16,0.0816132748597   ,0.258042079856,0.389502612624,22.2337487075   ,0.111141304348    ,0.258042079856,0.398882927538,25.832591129
2,12807.0,28317.5,0.45226450075 ,1342.39609218,206,203,153,412.06964941 ,226.609276177,16,418.716796875,223.220245361,181.549606323,149.302825928,43.9331207275 ,0.568938121301,1,15,-0.119822941656   ,0.187401181039,0.328571341344,-31.0828753309  ,-0.216420361248   ,0.187401181039,0.375686510356,-41.6833756047
2,15622.0,37139.5,0.420630326203,1755.54031551,219,235,216,403.996159263,227.05031366 ,13,407.265533447,224.114044189,204.730072021,166.95803833 ,39.6406059265 ,0.57875249928 ,1,16,-0.0271795163395  ,0.232595708604,0.349253832337,-5.71864935914  ,-0.1125           ,0.232595708604,0.364100968483,-16.1700811479
2,13487.0,36624.0,0.368255788554,1636.77076352,253,238,230,410.413954178,234.930970564,13,422.038696289,244.994567871,198.380813599,178.2734375  ,75.2110900879 ,0.438681652023,1,18,0.0032113609142   ,0.195099632207,0.312273481389,-0.748727249454 ,-0.114145658263   ,0.195099632207,0.326430137743,-19.3951086691
2,12464.0,28161.5,0.442590060899,1372.54536784,177,212,188,403.031771502,220.032894737,10,410.442199707,220.134674072,187.091796875,153.560623169,168.518829346 ,0.571248892314,2,12,0.0775922707713   ,0.257062146893,0.415161676295,13.3976786415   ,0.0161163522013   ,0.257062146893,0.403217335131,7.14259343763
2,15252.0,35481.5,0.429857813227,1668.97177398,222,251,202,398.478166798,209.583726724,12,401.858886719,206.548171997,227.16267395 ,151.637054443,148.019378662 ,0.744586238792,1,15,0.00976252347024  ,0.204060610571,0.345110842035,-2.00217818888  ,-0.000531208499336,0.204060610571,0.34513444153 ,-3.74080503035
2,15416.0,36439.5,0.423057396507,1723.58194566,226,239,230,392.252594707,210.890762844,14,395.149993896,214.963363647,203.810760498,164.998580933,146.161315918 ,0.587026710642,1,15,-0.016077700793   ,0.256857641679,0.36184308481 ,-3.1018143195   ,-0.0323570432357  ,0.256857641679,0.363100257602,-5.48224090678
2,14319.0,31702.5,0.451667849539,1599.1311543 ,207,249,234,387.824010057,207.670228368,14,384.827545166,208.463943481,188.456695557,156.080703735,174.64491272  ,0.560425844068,2,19,-0.0169658974868  ,0.205919132905,0.331278380968,-8.60519434389  ,-0.0196575776791  ,0.205919132905,0.331554886995,-8.91210747811
2,12537.0,28710.0,0.436677115987,1390.43772233,189,234,224,407.226290181,209.17635798 ,12,400.151977539,207.604293823,187.577346802,153.656326294,13.0348014832 ,0.573561519409,1,13,-0.107070133549   ,0.226384326488,0.377210640395,-28.8181672598  ,-0.116370808679   ,0.226384326488,0.381137143549,-29.7745443234
2,12517.0,28181.5,0.444156627575,1394.63873279,212,228,225,411.073420149,212.18614684 ,13,404.274810791,208.700286865,188.429107666,151.680282593,34.232749939  ,0.593311886502,1,13,-0.0973617041417  ,0.208299499328,0.364693180734,-30.2121827799  ,-0.120107962213   ,0.208299499328,0.374126950266,-32.3697410454
2,12435.0,27735.5,0.448342377098,1413.6509254 ,232,190,222,408.25508645 ,219.374507439,13,409.004394531,212.128082275,186.105560303,149.54548645 ,104.476974487 ,0.595234624991,1,13,-0.0178669648976  ,0.270485943351,0.360700698963,-5.95472595152  ,-0.082995951417   ,0.270485943351,0.371824832612,-15.3987679522
2,14503.0,32614.0,0.444686331023,1632.86412847,214,238,236,413.119285665,230.589464249,13,416.020080566,230.385848999,188.868286133,157.956268311,27.5294075012 ,0.548225909479,1,18,0.0342227722871   ,0.198140854447,0.33416313876 ,13.8072471798   ,-0.0648926237162  ,0.198140854447,0.327637655398,0.284959032928
2,14820.0,34493.0,0.429652393239,1613.31491983,239,223,233,427.568893387,205.059109312,14,428.06149292 ,199.522369385,195.452651978,167.703659058,127.474006653 ,0.513604527564,1,17,-0.0129240679769  ,0.225945790374,0.350343033589,-1.3127000239   ,-0.00422052228963 ,0.225945790374,0.350109139277,-0.131006228061
2,15208.0,36137.5,0.420837080595,1688.42761767,215,271,262,406.887559179,205.10553656 ,12,410.687438965,203.477218628,227.877197266,152.385406494,21.2015419006 ,0.743516829625,1,15,-0.0116646867416  ,0.252748043665,0.347260733907,-3.70745195313  ,-0.00467404674047 ,0.252748043665,0.346847333794,-2.47018856004
2,12729.0,28132.0,0.452474050903,1288.31997216,220,199,199,403.546704376,203.52156493 ,15,396.584594727,203.332870483,182.005371094,149.395370483,68.0940246582 ,0.571173351526,1,12,0.080091616066    ,0.235949466382,0.39340805903 ,17.7615515266   ,0.0975711892797   ,0.235949466382,0.398250146576,19.6700346116
2,14932.0,34150.5,0.437241036002,1619.24890447,205,246,182,426.530136619,221.781342084,14,429.405700684,217.110092163,195.183609009,166.944076538,161.546936035 ,0.518103196417,1,17,-0.0604297428431  ,0.230212064179,0.366054451256,-18.5784626734  ,-0.120516499283   ,0.230212064179,0.383340154418,-25.6971934465
2,12696.0,28171.5,0.450668228529,1482.21946692,203,229,229,408.772763075,195.632797732,15,418.716522217,181.972427368,202.945205688,138.358581543,38.2332077026 ,0.731582065145,1,16,-0.0398131103425  ,0.219351746875,0.336075786862,-10.9287628527  ,0.00982532751092  ,0.219351746875,0.329708842874,-3.14013066173
